FND,HND,LND,AUC_Psi,AUC_PsiN,Psi_max,Rh_mean,hole_events,partition_events,n_reconfigs,n_local,n_global,mean_dPsi_per_reconfig,hole_rate,AUC_Psi_per_round,AUC_PsiN_per_round,null_with_alt_local,total_with_alt_local,null_with_alt_global,total_with_alt_global,N,E0,strategy,seed,censored
135,227,3000,339.747384176798,1006.1081981185,0.1843608890331566,0.6841543183801742,1989,0,0,0,0,0.0,0.663,0.1132491280589326,0.3353693993728334,0,0,0,0,30,1.0,static,0,True
151,418,2750,335.84571249606023,1171.637365616462,0.1677017841724808,0.7545810903953295,2378,0,0,0,0,0.0,0.8644129407488186,0.1220813204275028,0.4258950801950062,0,0,0,0,30,1.0,static,1,False
230,830,3000,316.49602648070095,1452.9449871670315,0.1543480878121944,0.7895687124711669,2769,0,0,0,0,0.0,0.923,0.1054986754935669,0.4843149957223439,0,0,0,0,30,1.0,static,2,True
220,548,3000,374.0834814209543,1663.09285447843,0.1617570478487512,0.8251516743526078,2938,0,0,0,0,0.0,0.9793333333333332,0.1246944938069847,0.5543642848261434,0,0,0,0,30,1.0,static,3,True
156,280,3000,336.631048959598,896.0219940310704,0.1605476955125786,0.6345310422239725,1370,0,0,0,0,0.0,0.4566666666666666,0.1122103496531993,0.2986739980103568,0,0,0,0,30,1.0,static,4,True
226,367,3000,381.3450568588649,1430.9941793101154,0.1616146148631863,0.7543740720008412,2509,0,0,0,0,0.0,0.8363333333333334,0.1271150189529549,0.4769980597700385,0,0,0,0,30,1.0,static,5,True
186,425,2770,304.9828924497448,970.4633340712032,0.1459200356893136,0.6641095380733275,1519,0,0,0,0,0.0,0.5481775532298809,0.110062393522102,0.3502213403360531,0,0,0,0,30,1.0,static,6,False
172,230,3000,385.3432297248158,1051.034007539303,0.173188163700285,0.690054732532443,2400,0,0,0,0,0.0,0.8,0.1284477432416052,0.3503446691797677,0,0,0,0,30,1.0,static,7,True
274,417,3000,290.5704622343433,1231.237404460937,0.1441208110154582,0.7093696437808868,1839,0,0,0,0,0.0,0.613,0.0968568207447811,0.4104124681536455,0,0,0,0,30,1.0,static,8,True
117,197,3000,354.2752213601124,969.025854800371,0.155418591503293,0.6439251923489714,1152,0,0,0,0,0.0,0.384,0.1180917404533708,0.3230086182667903,0,0,0,0,30,1.0,static,9,True
151,219,3000,313.6997550349696,729.4485781569797,0.1504320153697463,0.6131857173803366,596,0,0,0,0,0.0,0.1986666666666666,0.1045665850116565,0.2431495260523265,0,0,0,0,30,1.0,static,10,True
247,515,3000,354.2366770410977,1310.9301434595875,0.1488716795399664,0.7504639263901983,2970,0,0,0,0,0.0,0.99,0.1180788923470325,0.4369767144865291,0,0,0,0,30,1.0,static,11,True
146,151,3000,372.9228594970015,823.9040043502332,0.1554518181859083,0.5710120368284894,391,0,0,0,0,0.0,0.1303333333333333,0.1243076198323338,0.2746346681167444,0,0,0,0,30,1.0,static,12,True
180,317,3000,375.7423067405981,1133.0920739547755,0.1658377951481238,0.7138158546084991,2363,0,0,0,0,0.0,0.7876666666666666,0.1252474355801993,0.3776973579849251,0,0,0,0,30,1.0,static,13,True
0,340,3000,331.65327230294355,803.3593163218728,0.1416663199597591,0.6152748700510863,904,0,0,0,0,0.0,0.3013333333333333,0.1105510907676478,0.2677864387739576,0,0,0,0,30,1.0,static,14,True
164,295,541,32.42349238930906,68.13091131346847,0.0987132897529345,0.6205195717707381,137,0,285,0,285,1.1480203055025497e-07,0.2527675276752767,0.0598219416776919,0.1257027884012333,0,0,263,285,30,1.0,random,0,False
122,122,332,23.27119568686605,43.88743212645725,0.1099205844496351,0.6180250183672716,107,0,243,0,243,-5.888738567172517e-06,0.3213213213213213,0.0698834705311293,0.1317940904698415,0,0,128,243,30,1.0,random,1,False
190,244,295,11.895737158407918,23.145874657994067,0.1074042474069318,0.5933971795481067,19,0,94,0,94,-2.7286708203584163e-06,0.0641891891891891,0.0401883012108375,0.0781955224932232,0,0,32,94,30,1.0,random,2,False
228,239,499,34.745336339684044,84.96711624260132,0.1293371868118076,0.6296585552895662,131,0,301,0,301,2.442943465916182e-07,0.262,0.069490672679368,0.1699342324852026,0,0,158,301,30,1.0,random,3,False
105,224,224,11.8927410979171,22.074089720493102,0.1243890657658877,0.5518527860119294,18,0,105,0,105,-1.2171120740467775e-05,0.08,0.0528566271018537,0.0981070654244138,0,0,37,105,30,1.0,random,4,False
219,242,381,16.002366830792813,31.029735601300874,0.1000514737818576,0.6002544404167697,36,0,148,0,148,-9.61461902119808e-08,0.094240837696335,0.0418910126460544,0.0812296743489551,0,0,78,148,30,1.0,random,5,False
152,152,296,13.69724253505976,23.919067080291967,0.0937435550883004,0.5852104245685623,30,0,156,0,156,4.771702246748391e-07,0.101010101010101,0.0461186617342079,0.0805355793949224,0,0,55,156,30,1.0,random,6,False
157,206,283,14.885209130696524,26.50110415873732,0.1139080493528196,0.6147966422523183,40,0,122,0,122,-2.221255531629867e-06,0.1408450704225352,0.0524127082066779,0.0933137470378074,0,0,67,122,30,1.0,random,7,False
217,416,648,28.78338788147953,58.56761345032901,0.0946500110473084,0.5850544005673862,9,0,151,0,151,-2.6297569227063823e-06,0.0138674884437596,0.0443503665354075,0.0902428558556687,0,0,51,151,30,1.0,random,8,False
74,74,447,23.959466046941063,41.66773642538119,0.1052543534221901,0.5177441056806567,30,0,121,0,121,-4.373689777833378e-07,0.0669642857142857,0.0534809509976363,0.0930083402352258,0,0,45,121,30,1.0,random,9,False
110,110,921,57.14856969894789,93.71493809814292,0.0943674790286481,0.4478506239841642,147,0,377,0,377,-7.767432761565075e-08,0.1594360086767896,0.0619832643155617,0.1016430998895259,0,0,363,377,30,1.0,random,10,False
200,233,339,17.798888056051577,39.63335955091036,0.1247981170761677,0.6158880204678238,45,0,149,0,149,-2.6603205153725384e-06,0.1323529411764706,0.0523496707530928,0.116568704561501,0,0,69,149,30,1.0,random,11,False
148,174,174,6.081871520633586,10.25476682452143,0.1035841431735292,0.6218897814155709,24,0,39,0,39,-5.538780137487204e-06,0.1371428571428571,0.0347535515464776,0.0585986675686938,0,0,10,39,30,1.0,random,12,False
174,243,1471,171.0676286771178,424.0675956805081,0.1422409209490698,0.5813465283201988,33,0,1319,0,1319,-2.4572413083628146e-07,0.0224184782608695,0.1162144216556506,0.2880893992394756,0,0,34,108,30,1.0,random,13,False
0,313,373,15.641938044837906,29.67213018239396,0.1100863806590429,0.6599182243389546,72,0,101,0,101,4.938796940635603e-06,0.1925133689839572,0.041823363756251,0.0793372464769891,0,0,70,101,30,1.0,random,14,False
135,207,2160,197.90975846468857,416.3142617459652,0.1413596549310561,0.6020773617632541,762,0,2154,0,2154,1.5220821461034518e-08,0.3526145303100416,0.0915824888776902,0.1926488948384845,0,0,1976,1983,30,1.0,greedy,0,False
151,380,2151,232.30309112134304,619.0284050196635,0.1455054711179111,0.6908851369488503,1132,0,2144,0,2144,9.759836306148138e-09,0.5260223048327137,0.1079475330489512,0.2876526045630406,0,0,1316,1321,30,1.0,greedy,1,False
230,519,1935,177.55912595687684,627.8552726333428,0.1344130400442821,0.7171568554947992,1614,0,1923,0,1923,3.835867570165242e-09,0.8336776859504132,0.0917144245645025,0.324305409418049,0,0,1352,1358,30,1.0,greedy,2,False
220,326,3000,347.13918491490665,1000.7228022406752,0.1379801685781828,0.6901726603664773,1138,0,2992,0,2992,1.2128670718550973e-08,0.3793333333333333,0.1157130616383022,0.3335742674135584,0,0,1182,1187,30,1.0,greedy,3,True
156,280,899,72.39932358846994,156.38581370090287,0.1137491853057247,0.8040058208370219,873,0,871,0,871,-4.599548115727729e-09,0.97,0.0804436928760777,0.1737620152232254,0,0,865,871,30,1.0,greedy,4,False
199,226,1640,167.990881985,405.8432522872813,0.1422265854600551,0.709331613199948,1062,0,1626,0,1626,6.685829618247598e-09,0.6471663619744058,0.1023710432571602,0.2473145961531269,0,0,1360,1366,30,1.0,greedy,5,False
182,186,2420,233.0455595584212,532.115059531158,0.1228796430375049,0.5261756784985573,363,0,2411,0,2411,6.074148819821593e-09,0.1499380421313506,0.0962600411228505,0.2197914330983717,0,0,356,360,30,1.0,greedy,6,False
137,151,1953,192.8079257425789,345.4556066360194,0.1321158099513578,0.5563274421366879,642,0,1948,0,1948,7.247206226249561e-10,0.3285568065506653,0.0986734522735818,0.1767940668556906,0,0,634,639,30,1.0,greedy,7,False
242,417,2436,227.37649511928177,743.4609101926152,0.1391128725001921,0.710785161481825,1740,0,2256,0,2256,1.7314030696189037e-08,0.7139926138695117,0.093301803495807,0.3050721830909377,0,0,1764,1770,30,1.0,greedy,8,False
117,197,1061,94.8070464764184,211.9168290152468,0.1176763729856574,0.8050968817249228,992,0,1053,0,1053,-1.1595415524307694e-08,0.9340866290018832,0.0892721718233695,0.1995450367375205,0,0,1045,1053,30,1.0,greedy,9,False
151,179,2297,197.5626264419733,398.069274957722,0.1280300812250671,0.602049389991419,916,0,2292,0,2292,4.324669375173636e-09,0.3986074847693646,0.0859715519764896,0.1732242275708102,0,0,1973,1978,30,1.0,greedy,10,False
247,412,1481,133.23030227991342,362.6778408274568,0.124902516400203,0.64485638693722,677,0,1407,0,1407,5.4718132682095174e-08,0.4568151147098515,0.0898989893926541,0.2447218898970693,0,0,1302,1307,30,1.0,greedy,11,False
146,151,897,77.15514509732093,140.85855525099245,0.1120278801640401,0.7971607027265902,852,0,851,0,851,-5.274955559961767e-09,0.9487750556792872,0.0859188698188429,0.1568580793440896,0,0,848,851,30,1.0,greedy,12,False
204,289,364,17.234210940856478,32.42454457477455,0.1001411869334177,0.7083822131299709,281,0,304,0,304,2.988532072844059e-07,0.7698630136986301,0.0472170162763191,0.0888343686980124,0,0,294,304,30,1.0,greedy,13,False
0,243,1000,79.0667978193133,139.7224518104757,0.110208011527208,0.7867418093095981,990,0,988,0,988,4.1773258817812086e-08,0.989010989010989,0.078987810009304,0.1395828689415341,0,0,983,988,30,1.0,greedy,14,False
216,395,3000,357.6075749050782,1232.82557627074,0.1741724989435225,0.740776271391831,2316,0,2988,0,2988,-7.667265844421614e-10,0.772,0.1192025249683594,0.4109418587569133,0,0,2923,2924,30,1.0,mincost,0,True
151,553,2190,248.5440029053156,930.9184071117426,0.161246660767719,0.7782658966963518,2028,0,2098,0,2098,-1.2458944686175924e-08,0.9256047466910088,0.1134386138317277,0.4248828877735018,0,0,1672,1673,30,1.0,mincost,1,False
230,830,3000,316.49602648070095,1452.9449871670315,0.1543480878121944,0.7895687124711669,2769,0,2988,0,2988,0.0,0.923,0.1054986754935669,0.4843149957223439,0,0,2988,2988,30,1.0,mincost,2,True
220,548,3000,374.0834814209543,1663.09285447843,0.1617570478487512,0.8251516743526078,2938,0,2988,0,2988,0.0,0.9793333333333332,0.1246944938069847,0.5543642848261434,0,0,2988,2988,30,1.0,mincost,3,True
156,280,3000,336.631048959598,896.0219940310704,0.1605476955125786,0.6345310422239725,1370,0,2992,0,2992,0.0,0.4566666666666666,0.1122103496531993,0.2986739980103568,0,0,2992,2992,30,1.0,mincost,4,True
226,367,3000,382.9936815223886,1410.2559418738408,0.1633773154235011,0.7359596343699246,2332,0,2988,0,2988,4.22292728521733e-10,0.7773333333333333,0.1276645605074628,0.4700853139579469,0,0,2361,2362,30,1.0,mincost,5,True
186,425,2420,267.08015519188416,917.4823073037594,0.1416644194700262,0.7162251084403859,2224,0,2411,0,2411,-2.7166695264601356e-08,0.9186286658405618,0.110318114494789,0.378968321893333,0,0,2199,2202,30,1.0,mincost,6,False
172,230,3000,385.3432297248158,1051.034007539303,0.173188163700285,0.690054732532443,2400,0,2992,0,2992,0.0,0.8,0.1284477432416052,0.3503446691797677,0,0,2992,2992,30,1.0,mincost,7,True
325,727,3000,302.76879520915554,1591.5162388516446,0.1402430536975682,0.7663776619989303,1990,0,2811,0,2811,-1.927740463500942e-08,0.6633333333333333,0.1009229317363851,0.5305054129505482,0,0,2809,2811,30,1.0,mincost,8,True
130,197,3000,343.71532964626914,956.53582647256,0.1511112729871375,0.6468583171367368,1219,0,2990,0,2990,-3.001737410741726e-09,0.4063333333333333,0.1145717765487563,0.3188452754908533,0,0,2988,2990,30,1.0,mincost,9,True
151,427,2966,364.4930827511372,1082.7922047521372,0.1695920090984902,0.6614439421512198,1589,0,2955,0,2955,-1.687894226520433e-08,0.5355578024941018,0.1228490336202012,0.364945131362365,0,0,2895,2898,30,1.0,mincost,10,False
247,396,3000,337.96673858258373,1224.272505129128,0.1468841001345452,0.7152915907029638,2448,0,2990,0,2990,-1.974699301417937e-09,0.816,0.1126555795275279,0.4080908350430426,0,0,2988,2990,30,1.0,mincost,11,True
146,151,3000,372.9228594970015,823.9040043502332,0.1554518181859083,0.5710120368284894,391,0,2993,0,2993,0.0,0.1303333333333333,0.1243076198323338,0.2746346681167444,0,0,2848,2848,30,1.0,mincost,12,True
180,317,3000,375.7423067405981,1133.0920739547755,0.1658377951481238,0.7138158546084991,2363,0,2991,0,2991,0.0,0.7876666666666666,0.1252474355801993,0.3776973579849251,0,0,2991,2991,30,1.0,mincost,13,True
0,340,3000,336.0752035241969,850.4915957821769,0.1371072610229879,0.6536210633595537,1139,0,2993,0,2993,-1.4061956782697845e-08,0.3796666666666666,0.1120250678413989,0.283497198594059,0,0,2991,2993,30,1.0,mincost,14,True
279,409,797,61.51802853039646,196.06369068655945,0.1335480215184324,0.6502410369200623,381,0,506,0,506,-1.6669041777279885e-06,0.4774436090225564,0.0770902613162862,0.2456938479781446,0,0,246,463,30,1.0,eqopt,0,False
188,446,837,65.62813440973129,181.20271207868643,0.1287040885853223,0.6787769796436867,312,0,516,0,516,-9.659859251946677e-07,0.3723150357995227,0.0783151961929967,0.2162323533158549,0,0,327,472,30,1.0,eqopt,1,False
277,501,990,70.0070918191907,227.17611806297649,0.1032575495285452,0.5853146826440448,61,0,680,0,680,-1.3957387240909626e-06,0.0615539858728557,0.0706428777186586,0.2292392715065352,0,0,165,249,30,1.0,eqopt,2,False
220,520,1260,114.66572689335804,434.9797078359836,0.1410966820590605,0.6682213624334322,579,0,900,0,900,-6.772424687801125e-07,0.4591593973037272,0.0909323766006011,0.3449482219159267,0,0,611,783,30,1.0,eqopt,3,False
228,323,854,74.24681311258946,228.603810289865,0.1330301758872094,0.655923954609014,454,0,589,0,589,-1.0615353295950718e-06,0.5309941520467836,0.0868383779094613,0.2673728775320058,0,0,292,376,30,1.0,eqopt,4,False
226,464,1745,193.75216925493584,789.9250523991657,0.1512107585815829,0.7579572481415887,1167,0,1429,0,1429,-2.0363217945042845e-07,0.6683848797250859,0.1109691691036287,0.4524198467349173,0,0,747,959,30,1.0,eqopt,5,False
303,412,878,76.35980478659836,247.5630577501811,0.1315172746591922,0.6454296361209475,323,0,614,0,614,-9.281695312303573e-07,0.3674630261660978,0.086871222737882,0.2816417039251206,0,0,376,514,30,1.0,eqopt,6,False
219,401,1188,127.5226113625589,360.6426303300401,0.1507594151758143,0.662664669385312,385,0,982,0,982,-7.183318912996879e-07,0.3238015138772077,0.1072519860071984,0.3033159212195458,0,0,721,982,30,1.0,eqopt,7,False
341,592,727,35.790711526644145,113.89620212801871,0.0953138635750505,0.6375235364579146,169,0,273,0,273,-3.045270326048517e-06,0.2321428571428571,0.0491630652838518,0.1564508270989268,0,0,241,273,30,1.0,eqopt,8,False
134,216,247,10.424700826575537,19.239144617859044,0.0786398765882162,0.5853961678852143,14,0,79,0,79,-9.589346807466675e-06,0.0564516129032258,0.0420350839781271,0.0775771960397542,0,0,37,79,30,1.0,eqopt,9,False
168,382,1943,233.9818426279473,745.7761431367726,0.1535352922482885,0.6627785536427871,1191,0,1664,0,1664,-2.641672855758408e-07,0.6126543209876543,0.120361030158409,0.3836297032596567,0,0,637,1059,30,1.0,eqopt,10,False
247,396,1184,99.20723517956178,316.3027568970126,0.1298591520879296,0.626650207729753,331,0,852,0,852,-7.279711275548645e-07,0.2793248945147679,0.0837191858055373,0.2669221577189979,0,0,303,494,30,1.0,eqopt,11,False
153,314,734,80.99102931276757,208.9824968914854,0.1622092751034585,0.7503032443658041,397,0,555,0,555,-7.182402676718892e-07,0.5401360544217687,0.1101918766160102,0.2843299277435175,0,0,534,555,30,1.0,eqopt,12,False
197,303,683,56.9310251144524,139.93138003412972,0.1244266108684973,0.5810642558262558,52,0,472,0,472,-1.413927188674012e-06,0.0760233918128654,0.0832324928573865,0.2045780409855697,0,0,299,316,30,1.0,eqopt,13,False
0,365,1114,98.27716140842848,236.18134209571105,0.1236243909565999,0.5823846542370719,83,0,829,0,829,-4.092853620532892e-07,0.074439461883408,0.0881409519358102,0.211821831475974,0,0,264,279,30,1.0,eqopt,14,False
97,98,3000,352.141087099563,864.0333840428598,0.1846859493963389,0.6453992509991717,1830,0,0,0,0,0.0,0.61,0.117380362366521,0.2880111280142866,0,0,0,0,60,1.0,static,0,True
98,315,3000,381.78321219537565,1152.5831605585313,0.1825319371014022,0.6822340858442454,2013,0,0,0,0,0.0,0.671,0.1272610707317918,0.3841943868528437,0,0,0,0,60,1.0,static,1,True
92,383,3000,333.07267187804257,900.5536227137152,0.1798206034666137,0.6269452915670738,1551,0,0,0,0,0.0,0.517,0.1110242239593475,0.3001845409045717,0,0,0,0,60,1.0,static,2,True
129,384,3000,376.68806239712126,1241.224027130777,0.18449470224972,0.7031751304449017,2012,0,0,0,0,0.0,0.6706666666666666,0.1255626874657071,0.4137413423769256,0,0,0,0,60,1.0,static,3,True
169,206,3000,337.62982765881804,862.8824198141011,0.1748156939998436,0.6176149162124284,1519,0,0,0,0,0.0,0.5063333333333333,0.1125432758862726,0.287627473271367,0,0,0,0,60,1.0,static,4,True
121,303,3000,357.610952569918,904.977075778746,0.1738437316025155,0.6351300893831473,1532,0,0,0,0,0.0,0.5106666666666667,0.1192036508566393,0.3016590252595819,0,0,0,0,60,1.0,static,5,True
170,268,3000,330.2508880395506,817.4868736547938,0.1469532393818734,0.6266525716638447,723,0,0,0,0,0.0,0.241,0.1100836293465168,0.2724956245515979,0,0,0,0,60,1.0,static,6,True
103,145,3000,374.7072435208239,971.7519206901044,0.1810521184853648,0.6698086441679719,1629,0,0,0,0,0.0,0.543,0.1249024145069413,0.3239173068967014,0,0,0,0,60,1.0,static,7,True
157,727,3000,342.59700433975587,1296.329509626228,0.169578788810163,0.7493442814015165,2624,0,0,0,0,0.0,0.8746666666666667,0.1141990014465852,0.4321098365420759,0,0,0,0,60,1.0,static,8,True
136,301,3000,322.1370578018732,1004.915585879524,0.1607478899040934,0.6530918585830275,1836,0,0,0,0,0.0,0.612,0.107379019267291,0.3349718619598413,0,0,0,0,60,1.0,static,9,True
107,235,3000,334.16681040932207,821.3525536779189,0.1717974815466849,0.6186730427179434,1524,0,0,0,0,0.0,0.508,0.1113889368031073,0.2737841845593063,0,0,0,0,60,1.0,static,10,True
95,281,3000,344.8789269180159,864.654558211181,0.1518655460644445,0.6497549127656533,994,0,0,0,0,0.0,0.3313333333333333,0.1149596423060053,0.2882181860703937,0,0,0,0,60,1.0,static,11,True
92,238,3000,349.47695044464405,864.1180096918497,0.1479813065563644,0.6378849803568486,963,0,0,0,0,0.0,0.321,0.1164923168148813,0.2880393365639499,0,0,0,0,60,1.0,static,12,True
129,467,3000,365.5359952090287,1301.5769824877138,0.1776380970031194,0.7354575240325574,2217,0,0,0,0,0.0,0.739,0.1218453317363428,0.4338589941625713,0,0,0,0,60,1.0,static,13,True
132,310,3000,314.9504473954124,750.1072476665446,0.1385379119606638,0.5616961042935155,512,0,0,0,0,0.0,0.1706666666666666,0.1049834824651374,0.2500357492221815,0,0,0,0,60,1.0,static,14,True
85,85,534,35.27520690866345,59.03318529103524,0.1020118548894989,0.6242017276953741,168,0,319,0,319,-2.079447149036597e-06,0.314018691588785,0.0659349661844176,0.1103424024131499,0,0,201,319,60,1.0,random,0,False
101,297,381,19.50586727243801,31.935531617636126,0.1021617321656496,0.5563424626245352,21,0,115,0,115,-3.5874486761762893e-06,0.0549738219895288,0.0510624797707801,0.0836008681089951,0,0,35,115,60,1.0,random,1,False
62,124,707,48.30736575652577,86.3939896168722,0.1106918014480095,0.623301841694408,192,0,366,0,366,-1.31823323790985e-06,0.2711864406779661,0.0682307425939629,0.1220254090633788,0,0,221,366,60,1.0,random,2,False
88,170,1175,102.67349637377004,200.1200576604848,0.1020525386684977,0.4647331249878162,14,0,1039,0,1039,-9.816493626574051e-07,0.0119047619047619,0.0873073948756548,0.1701701170582353,0,0,24,95,60,1.0,random,3,False
85,197,486,25.64476330775944,41.13450808028651,0.1116357483004069,0.5375505417776317,10,0,162,0,162,-5.946583809897853e-06,0.0205338809034907,0.0526586515559742,0.0844651089944281,0,0,35,162,60,1.0,random,4,False
113,161,307,16.883992876153776,28.160842357634767,0.0935108573641575,0.5612583570947635,15,0,165,0,165,1.5510545675111594e-07,0.0487012987012987,0.0548181586888109,0.091431306355957,0,0,60,165,60,1.0,random,5,False
111,111,263,14.545180489509542,23.894807028806262,0.1045934121822276,0.5804697808652807,31,0,141,0,141,-5.832715023756573e-06,0.1174242424242424,0.0550953806420816,0.0905106326848722,0,0,50,141,60,1.0,random,6,False
67,98,485,26.23306072023721,38.938870087459485,0.0957366600466784,0.4920479899673567,18,0,142,0,142,2.723327038944238e-07,0.037037037037037,0.0539774911939037,0.0801211318672005,0,0,41,142,60,1.0,random,7,False
141,211,413,21.226625705972463,36.14534068644312,0.0901191264251948,0.6007329656137554,95,0,213,0,213,2.19069050484293e-06,0.2294685990338164,0.0512720427680494,0.0873075861991379,0,0,127,213,60,1.0,random,8,False
129,214,342,16.171599108074723,28.157004619190115,0.1003143478567591,0.5655629794314744,20,0,144,0,144,-4.973035353398224e-06,0.0583090379008746,0.0471475192655239,0.0820903924757729,0,0,36,144,60,1.0,random,9,False
71,141,436,26.46223415356139,42.60476678110064,0.1061177277465036,0.5291231730247637,40,0,198,0,198,3.006347583255482e-07,0.091533180778032,0.0605543115642137,0.0974937454945094,0,0,77,198,60,1.0,random,10,False
82,82,668,46.13707162826676,80.04291654735593,0.109371385805929,0.5677703023011728,84,0,347,0,347,1.187300825644474e-06,0.1255605381165919,0.0689642326282014,0.119645615167946,0,0,223,347,60,1.0,random,11,False
110,181,1328,127.843535757237,247.4639045501052,0.1161358488662402,0.4909247355133772,9,0,1145,0,1145,-2.3664596207489818e-07,0.0067720090293453,0.0961952864990496,0.1862030884500415,0,0,27,108,60,1.0,random,12,False
153,268,867,77.19547026753798,198.71215910809275,0.1211222307285913,0.7605201345502548,500,0,641,0,641,-1.4320322298981509e-06,0.576036866359447,0.0889348735801128,0.2289310588802912,0,0,529,641,60,1.0,random,13,False
138,185,663,48.16873480363917,87.8198715712389,0.0990353694890275,0.5053840265333724,13,0,457,0,457,-6.32179941509631e-07,0.019578313253012,0.0725432753066855,0.1322588427277694,0,0,39,104,60,1.0,random,14,False
87,95,2048,186.7039790043115,340.29330301609906,0.1308810627963343,0.6471197523663416,1214,0,1934,0,1934,5.032109569377601e-08,0.5924841386041971,0.0911195602754082,0.1660777467135671,0,0,1522,1533,60,1.0,greedy,0,False
98,189,2136,220.7195858148728,500.4526179381559,0.1574360123642233,0.614075927903401,875,0,2122,0,2122,3.4149096568517544e-08,0.4094525035095929,0.1032847851262858,0.2341846597745231,0,0,2112,2122,60,1.0,greedy,1,False
92,383,3000,357.40475501753326,930.8330863835324,0.1604183871081508,0.6569666984360436,1717,0,2984,0,2984,1.563556193878918e-09,0.5723333333333334,0.1191349183391777,0.3102776954611774,0,0,2045,2053,60,1.0,greedy,2,True
129,345,2203,237.19445665330025,655.5272587365699,0.1551297380648239,0.6442644324558783,1145,0,2039,0,2039,-1.5553038661575483e-08,0.5195099818511797,0.1076199894071235,0.2974261609512568,0,0,1759,1773,60,1.0,greedy,3,False
147,200,2488,235.02814476915515,525.1504895430252,0.1331819729680788,0.5806822565905535,347,0,2309,0,2309,4.74949534571818e-08,0.1394134190437926,0.0944267355440559,0.210988545417045,0,0,1669,1687,60,1.0,greedy,4,False
121,213,2089,221.82262494660856,482.3957272084138,0.1423997706706783,0.6729018104836332,1212,0,1953,0,1953,-5.876802991719487e-09,0.5799043062200957,0.1061352272471811,0.2308113527312984,0,0,1745,1756,60,1.0,greedy,5,False
100,219,1873,163.50881268047047,304.96617130962284,0.1073758151405711,0.6078064120634032,871,0,1765,0,1765,2.1352787832579052e-08,0.4647812166488794,0.0872512340877643,0.1627354169208232,0,0,969,978,60,1.0,greedy,6,False
103,145,2720,312.305315781279,684.2378323210013,0.1575807904246279,0.6250083265201651,752,0,2512,0,2512,8.123138879523082e-09,0.2763689819919147,0.1147759337674674,0.2514655760091883,0,0,1710,1718,60,1.0,greedy,7,False
149,174,2282,231.556739543204,638.3595490621722,0.1623398665998522,0.6428168487312234,1080,0,1929,0,1929,3.007189572560353e-08,0.4730617608409987,0.1014265175397301,0.2796143447490898,0,0,1917,1929,60,1.0,greedy,8,False
136,253,3000,301.9058724104776,768.6300916777175,0.1484127498099844,0.5995117294586239,1080,0,2684,0,2684,1.924511559475593e-08,0.36,0.1006352908034925,0.2562100305592391,0,0,2595,2606,60,1.0,greedy,9,True
107,114,2468,250.63420464915183,539.3392818831771,0.1635644050991557,0.6120305877612736,855,0,2278,0,2278,4.0021904385920514e-09,0.3462940461725395,0.1015124360668901,0.218444423605985,0,0,2149,2158,60,1.0,greedy,10,False
95,190,2837,269.9839681624753,528.2516629860216,0.1190281184409215,0.5535790320137206,584,0,2718,0,2718,1.531907039053867e-08,0.2057787174066243,0.0951317717274402,0.1861351878033902,0,0,1278,1289,60,1.0,greedy,11,False
82,185,1635,147.2902639814554,263.99695738242,0.121050871380195,0.6165338539032159,800,0,1508,0,1508,8.623987215621082e-09,0.4889975550122249,0.0900307237050461,0.1613673333633374,0,0,887,899,60,1.0,greedy,12,False
129,278,2378,259.41632747277174,718.0985437596638,0.1630551257633224,0.6381145896910224,1094,0,2087,0,2087,3.489708904130294e-09,0.4598570828079025,0.1090442738431154,0.301848904480733,0,0,1978,1990,60,1.0,greedy,13,False
132,176,1963,169.10646891098293,317.1646881844281,0.1134776214255585,0.5619271046799487,525,0,1880,0,1880,3.741799180576417e-08,0.2673116089613034,0.0861030900768752,0.1614891487700754,0,0,1370,1379,60,1.0,greedy,14,False
97,229,3000,366.5555944820143,970.413424598541,0.1814417887005139,0.6752331286504127,1992,0,2981,0,2981,-4.1835452394409847e-10,0.664,0.1221851981606714,0.323471141532847,0,0,2980,2981,60,1.0,mincost,0,True
98,315,3000,387.5402961420292,1193.5819560221055,0.1821182988471909,0.7000758797924792,2201,0,2979,0,2979,-4.944488894301598e-09,0.7336666666666667,0.1291800987140097,0.3978606520073686,0,0,2977,2979,60,1.0,mincost,1,True
92,383,3000,339.48964143569174,939.0777240658113,0.1793599598233212,0.6623305761000089,1615,0,2983,0,2983,-4.173534181192895e-09,0.5383333333333333,0.1131632138118972,0.3130259080219371,0,0,2982,2983,60,1.0,mincost,2,True
129,384,3000,377.3626191381234,1245.070709197197,0.1845936205799161,0.6978271568513544,1941,0,2978,0,2978,-2.1447645178406308e-09,0.647,0.1257875397127078,0.4150235697323989,0,0,2977,2978,60,1.0,mincost,3,True
169,206,3000,344.7077812891367,908.6113609182828,0.1748906734243768,0.6408404329647968,1310,0,2982,0,2982,-4.885078628455194e-09,0.4366666666666666,0.1149025937630455,0.3028704536394276,0,0,2980,2982,60,1.0,mincost,4,True
121,303,3000,348.326607668878,873.0862174041955,0.1707146208236331,0.6253666535335848,1455,0,2982,0,2982,-4.034983722164007e-09,0.485,0.1161088692229593,0.2910287391347318,0,0,2981,2982,60,1.0,mincost,5,True
170,268,3000,335.6941261359045,855.7756180170934,0.1456334168260867,0.6454165408351178,953,0,2985,0,2985,-3.755636547193738e-09,0.3176666666666666,0.1118980420453015,0.2852585393390311,0,0,2984,2985,60,1.0,mincost,6,True
103,145,3000,374.1997117852823,973.5961234500744,0.180650049715341,0.6604136237114043,1792,0,2719,0,2719,-2.785838187684455e-09,0.5973333333333334,0.1247332372617607,0.3245320411500247,0,0,2717,2719,60,1.0,mincost,7,True
157,727,3000,342.59700433975587,1296.329509626228,0.169578788810163,0.7493442814015165,2624,0,2978,0,2978,0.0,0.8746666666666667,0.1141990014465852,0.4321098365420759,0,0,2978,2978,60,1.0,mincost,8,True
136,301,3000,328.01411609174534,1061.2005405927146,0.1610104968795764,0.6651388477932106,1563,0,2828,0,2828,-2.439623671803853e-09,0.521,0.1093380386972484,0.3537335135309049,0,0,2827,2828,60,1.0,mincost,9,True
107,235,3000,338.49361989450784,853.0525778048615,0.1697284555666014,0.6346648464819689,1274,0,2656,0,2656,-6.414324481400268e-09,0.4246666666666667,0.1128312066315026,0.2843508592682872,0,0,2654,2656,60,1.0,mincost,10,True
95,281,3000,344.8789269180159,864.654558211181,0.1518655460644445,0.6497549127656533,994,0,2984,0,2984,0.0,0.3313333333333333,0.1149596423060053,0.2882181860703937,0,0,2984,2984,60,1.0,mincost,11,True
92,238,3000,351.77671131992867,873.9569683331347,0.1480892922922052,0.6405007752070904,905,0,2985,0,2985,-2.6812260055170224e-09,0.3016666666666667,0.1172589037733095,0.2913189894443782,0,0,2984,2985,60,1.0,mincost,12,True
129,467,3000,364.852951271495,1288.7433966224585,0.177499423231065,0.7253520941528148,2107,0,2978,0,2978,-1.5063999015286991e-09,0.7023333333333334,0.1216176504238316,0.4295811322074861,0,0,2977,2978,60,1.0,mincost,13,True
132,310,3000,316.8798511138248,765.1788921016653,0.1434642149132253,0.5659641752765718,422,0,2986,0,2986,-3.9250468695549315e-09,0.1406666666666666,0.1056266170379416,0.2550596307005551,0,0,2984,2986,60,1.0,mincost,14,True
129,229,2141,239.2858107431435,590.2819547431031,0.1523126321111842,0.590943182911182,22,0,1831,0,1831,-2.025129304595071e-07,0.0102707749766573,0.111711396238629,0.2755751422703563,0,0,1229,1831,60,1.0,eqopt,0,False
147,343,1399,142.87426663459226,354.2120256064123,0.125041328447047,0.5783661604718083,98,0,1156,0,1156,-9.832308852827587e-07,0.07,0.1020530475961373,0.2530085897188659,0,0,257,376,60,1.0,eqopt,1,False
127,364,946,71.91112014699577,150.41211236922467,0.1179340480411205,0.6075044271083504,210,0,613,0,613,-1.2054587983824074e-06,0.2217529039070749,0.0759357129324136,0.1588301080984421,0,0,555,613,60,1.0,eqopt,2,False
166,364,1181,102.42288262743342,244.08394915295565,0.1140620308539853,0.732415960670533,679,0,893,0,893,-1.1388889067365856e-06,0.5744500846023689,0.0866521849639876,0.2065008030058846,0,0,800,893,60,1.0,eqopt,3,False
170,266,1281,107.44126381353075,232.13107712369631,0.1043940684130696,0.5000883303270292,9,0,1041,0,1041,-1.1517990545075084e-06,0.0070202808112324,0.083807538076077,0.1810694829358005,0,0,56,92,60,1.0,eqopt,4,False
146,301,673,46.920565490468206,92.79318753342912,0.1071395900153647,0.5401031828061621,20,0,450,0,450,-1.604242221807984e-06,0.029673590504451,0.0696150823300715,0.1376753524234853,0,0,218,450,60,1.0,eqopt,5,False
169,284,806,61.69687691564936,131.16056540749378,0.1106712747682411,0.6050867351803636,223,0,599,0,599,-7.794651200094064e-07,0.2763320941759603,0.0764521399202594,0.1625285816697568,0,0,429,485,60,1.0,eqopt,6,False
123,155,1889,201.23172513742605,486.2717597492247,0.1573892054976149,0.5612752126741265,394,0,1519,0,1519,-2.4912700882655016e-07,0.2084656084656084,0.1064718122420243,0.2572866453699601,0,0,1139,1292,60,1.0,eqopt,7,False
204,590,1020,76.54118620497579,205.59902760877827,0.1205416579817511,0.5972628409339619,184,0,679,0,679,-1.0514865353600436e-06,0.1802154750244858,0.0749668816894963,0.2013702523102627,0,0,198,557,60,1.0,eqopt,8,False
136,383,2558,307.8268395787653,1044.0822415766804,0.1529170323769647,0.6857704193045447,1556,0,2289,0,2289,-2.0104825035782478e-07,0.6080500195388824,0.1202918482136636,0.408004002179242,0,0,1747,2151,60,1.0,eqopt,9,False
107,340,1846,173.5992266326662,365.2845631944615,0.1232007975292269,0.574627971777439,435,0,1523,0,1523,-2.549001824619239e-07,0.2355170546832701,0.0939898357513081,0.1977718263099412,0,0,973,1121,60,1.0,eqopt,10,False
110,281,1437,139.5878432989739,340.96969421908574,0.1386145898443672,0.6193943431697094,230,0,1098,0,1098,-3.026524881356755e-07,0.1599443671766342,0.097070822878285,0.2371138346447049,0,0,954,1098,60,1.0,eqopt,11,False
119,239,887,73.47289414917765,157.5690353456564,0.1195152115340086,0.5701994469725024,105,0,651,0,651,-5.871384492412696e-07,0.1182432432432432,0.0827397456634883,0.1774426073712346,0,0,281,387,60,1.0,eqopt,12,False
162,278,892,67.4504169285372,156.58851179008497,0.1050194255728027,0.5564584526731509,39,0,670,0,670,-1.703155077602508e-06,0.0436730123180291,0.075532381778877,0.1753510770325699,0,0,397,446,60,1.0,eqopt,13,False
145,310,3000,333.2488778418148,856.386963668644,0.1484679340889301,0.5840929485467746,59,0,2725,0,2725,-8.638934260529431e-08,0.0196666666666666,0.1110829592806049,0.2854623212228813,0,0,2297,2725,60,1.0,eqopt,14,True
61,150,3000,331.82064444384946,699.9563070880625,0.178320890405904,0.5685272498024606,764,0,0,0,0,0.0,0.2546666666666666,0.1106068814812831,0.2333187690293542,0,0,0,0,100,1.0,static,0,True
73,264,3000,374.7814876553574,1012.4026435869044,0.1990224773647762,0.6373630763098534,1647,0,0,0,0,0.0,0.549,0.1249271625517858,0.3374675478623014,0,0,0,0,100,1.0,static,1,True
67,250,3000,340.4635221300389,856.4661837162778,0.1891113191680297,0.6051491586594597,1497,0,0,0,0,0.0,0.499,0.1134878407100129,0.2854887279054259,0,0,0,0,100,1.0,static,2,True
80,240,3000,362.9153235874914,1115.9547921675037,0.1926613985465523,0.6568737310629622,1814,0,0,0,0,0.0,0.6046666666666667,0.1209717745291638,0.3719849307225012,0,0,0,0,100,1.0,static,3,True
100,121,3000,342.6672332489439,806.4455663816277,0.187438643081156,0.5754369144788721,1228,0,0,0,0,0.0,0.4093333333333333,0.1142224110829813,0.2688151887938759,0,0,0,0,100,1.0,static,4,True
88,166,3000,343.58142934215925,889.6812114195685,0.1924248609668357,0.6129251918044739,1360,0,0,0,0,0.0,0.4533333333333333,0.114527143114053,0.2965604038065228,0,0,0,0,100,1.0,static,5,True
114,218,3000,341.6770701262081,787.3589803630106,0.1593660753626621,0.603838625430232,532,0,0,0,0,0.0,0.1773333333333333,0.113892356708736,0.2624529934543368,0,0,0,0,100,1.0,static,6,True
70,82,3000,354.1793878292065,792.2982193300311,0.1749009981411067,0.6115725606095241,818,0,0,0,0,0.0,0.2726666666666666,0.1180597959430688,0.2640994064433437,0,0,0,0,100,1.0,static,7,True
72,355,3000,367.3725007628194,1183.744890401856,0.183878564427512,0.7168767690936414,2341,0,0,0,0,0.0,0.7803333333333333,0.1224575002542731,0.394581630133952,0,0,0,0,100,1.0,static,8,True
67,301,3000,343.2133817513576,914.980059156534,0.1802537967716204,0.635005801540184,1421,0,0,0,0,0.0,0.4736666666666667,0.1144044605837858,0.304993353052178,0,0,0,0,100,1.0,static,9,True
71,147,3000,321.3732780990061,708.4847747769345,0.1705958438484429,0.5735575527692016,806,0,0,0,0,0.0,0.2686666666666666,0.107124426033002,0.2361615915923115,0,0,0,0,100,1.0,static,10,True
65,224,3000,347.05701228825416,830.7738221425327,0.1741107776832218,0.6335235621172188,1473,0,0,0,0,0.0,0.491,0.1156856707627513,0.2769246073808442,0,0,0,0,100,1.0,static,11,True
61,186,3000,326.84933695072164,664.1466516852568,0.1558347860486844,0.5614647906518921,647,0,0,0,0,0.0,0.2156666666666666,0.1089497789835738,0.2213822172284189,0,0,0,0,100,1.0,static,12,True
93,335,3000,360.3699241200016,1153.567781322129,0.1874910718754122,0.7037122959262333,1933,0,0,0,0,0.0,0.6443333333333333,0.1201233080400005,0.3845225937740429,0,0,0,0,100,1.0,static,13,True
90,213,3000,339.35254141820394,849.2853130933986,0.1650513368530395,0.6204689653773346,1199,0,0,0,0,0.0,0.3996666666666666,0.1131175138060679,0.2830951043644662,0,0,0,0,100,1.0,static,14,True
52,134,584,43.353861023526434,71.90343780419092,0.1099026795491133,0.6084653114254273,203,0,346,0,346,4.607481526248777e-07,0.347008547008547,0.0741091641427802,0.1229118594943434,0,0,233,346,100,1.0,random,0,False
83,129,489,29.477288501150674,46.155852839580405,0.1162565465323673,0.5151799256611295,13,0,186,0,186,-3.017399915389677e-06,0.0265306122448979,0.0601577316350013,0.09419561803996,0,0,52,186,100,1.0,random,1,False
60,203,621,41.5747835886888,73.90031413127446,0.1234098446406204,0.5532814600998736,33,0,268,0,268,5.874222896439639e-07,0.0530546623794212,0.0668404880847086,0.1188107944232708,0,0,91,268,100,1.0,random,2,False
80,106,923,65.52909430572072,122.57788293716123,0.1109957470785958,0.5056046840868461,18,0,476,0,476,1.1602172194933793e-07,0.0194805194805194,0.0709189332312994,0.1326600464687892,0,0,55,208,100,1.0,random,3,False
55,79,879,47.24428158412065,73.38828467355924,0.1142865333449692,0.5013864086358372,13,0,171,0,171,2.239107552314123e-06,0.0147727272727272,0.0536866836183189,0.0833957780381355,0,0,65,171,100,1.0,random,4,False
64,79,1527,111.65685951453172,192.08096796064257,0.0943761641609672,0.4953171530055701,17,0,880,0,880,-3.760535386737024e-07,0.0111256544502617,0.0730738609388296,0.1257074397648184,0,0,45,142,100,1.0,random,5,False
71,172,420,21.18956558714689,32.34960835010194,0.1030982629754325,0.5552868836124734,10,0,110,0,110,-2.975382908947151e-06,0.0237529691211401,0.0503315097081873,0.0768399248220948,0,0,19,110,100,1.0,random,6,False
55,63,671,36.55801387396468,53.44601847362075,0.0992723424488759,0.5664125132647926,36,0,164,0,164,-8.686592733405188e-07,0.0535714285714285,0.0544018063600664,0.0795327655857451,0,0,45,164,100,1.0,random,7,False
90,146,897,53.47922609861022,97.5216044263534,0.102780749811041,0.5414601827704941,35,0,337,0,337,-2.184647949551943e-07,0.0389755011135857,0.0595537038960024,0.1085986686262287,0,0,178,337,100,1.0,random,8,False
45,149,729,39.58847030294649,64.13814912957159,0.1306813684139104,0.5489049700997423,20,0,173,0,173,-2.4227768936176978e-06,0.0273972602739726,0.054230781236913,0.0878604782596871,0,0,48,173,100,1.0,random,9,False
52,52,702,35.55138313419878,54.85208976819385,0.1188660241933564,0.5775152566335967,12,0,158,0,158,1.9662367209604826e-06,0.0170697012802275,0.0505709575166412,0.0780257322449414,0,0,44,158,100,1.0,random,10,False
40,40,715,42.55009708971735,65.49184060925685,0.1051929761806582,0.4989858728005312,17,0,245,0,245,-1.255180282134074e-06,0.0237430167597765,0.0594275099018398,0.091469051130247,0,0,39,124,100,1.0,random,11,False
67,181,403,20.895755855000008,30.49486291498368,0.0814929536054815,0.5359489682707125,19,0,171,0,171,-2.215414018175139e-06,0.047029702970297,0.0517221679579208,0.0754823339479794,0,0,49,171,100,1.0,random,12,False
54,172,648,39.42284505671545,65.22689046848708,0.1010890490922832,0.5807102476489782,47,0,240,0,240,-3.665156977842328e-06,0.0724191063174114,0.0607439831382364,0.1005036833104577,0,0,89,240,100,1.0,random,13,False
93,184,439,23.471723417749573,37.02890764183506,0.0916257628869599,0.5545297779321251,17,0,192,0,192,-1.3623926967534678e-06,0.0386363636363636,0.0533448259494308,0.0841566082768978,0,0,60,192,100,1.0,random,14,False
55,61,2479,237.7892426166765,439.6062180146854,0.1561119568482309,0.5549071843688346,371,0,2018,0,2018,1.4531460356850432e-08,0.1495967741935484,0.0958827591196276,0.1772605717801151,0,0,2005,2018,100,1.0,greedy,0,False
73,191,2752,317.61914170102995,740.8301870633916,0.1723807316900247,0.6027734148271048,1023,0,2421,0,2421,9.52681512075118e-10,0.3715946240464947,0.1153720093356447,0.2690992324966914,0,0,2338,2353,100,1.0,greedy,1,False
67,211,2583,292.48783062485325,669.9803156782689,0.1691882123743088,0.6086576955489332,710,0,2487,0,2487,4.5681515840024885e-09,0.2747678018575851,0.1131918849167388,0.2592803079250266,0,0,2377,2392,100,1.0,greedy,2,False
66,160,2892,335.7685792439725,878.1068339760918,0.1884454644855384,0.6263845981640104,1387,0,2346,0,2346,1.0348787685337367e-08,0.479433114414103,0.1160624193722684,0.3035281140601769,0,0,2238,2251,100,1.0,greedy,3,False
73,109,2707,270.6577896776106,553.3182860707025,0.1671133564650144,0.5914760399949213,759,0,2377,0,2377,3.3939257531466954e-08,0.2802806499261447,0.0999474851099005,0.204327284368797,0,0,2360,2377,100,1.0,greedy,4,False
67,116,2613,255.46547525102585,531.4888628110785,0.1707576767164345,0.575843980379849,601,0,2122,0,2122,3.0368374027852724e-08,0.2299158377964804,0.0977297150922057,0.2033239720011777,0,0,2064,2080,100,1.0,greedy,5,False
101,158,1686,135.00189787983044,236.183928811651,0.1156604124630668,0.5711421080257767,261,0,1402,0,1402,9.231693403037357e-08,0.1547125074096028,0.0800248357319682,0.140002328874719,0,0,1386,1402,100,1.0,greedy,6,False
58,82,2230,216.0193686092339,388.2025326851424,0.1433694855588732,0.5963161241738074,664,0,2051,0,2051,4.796502068874312e-08,0.2976243836844464,0.0968262521780519,0.1740038246011395,0,0,2036,2051,100,1.0,greedy,7,False
72,125,2429,259.9808611121729,668.169200040816,0.1724088529842079,0.643090845065588,1211,0,2134,0,2134,3.6092352625114977e-08,0.4983539094650205,0.1069880086881369,0.2749667489879901,0,0,2117,2134,100,1.0,greedy,8,False
52,162,2942,353.9813046352725,873.4509599561214,0.1797378436192931,0.6209394204487885,1368,0,2668,0,2668,7.426328649921436e-09,0.4648318042813456,0.1202790705522502,0.296789317008536,0,0,2653,2668,100,1.0,greedy,9,False
71,147,3000,313.225412172034,604.2394302024588,0.1545992369731686,0.5529530643431969,363,0,2481,0,2481,1.0455806659105788e-08,0.121,0.1044084707240113,0.2014131434008196,0,0,2159,2174,100,1.0,greedy,10,True
65,131,2242,203.52242435922776,383.53102595511297,0.143516166973634,0.5649333260919951,282,0,1881,0,1881,3.462271599164811e-08,0.125724476148016,0.0907367027905607,0.1709902032791408,0,0,1621,1635,100,1.0,greedy,11,False
61,109,1860,155.44860032488504,265.83017669610854,0.1211606347720373,0.5757770152066637,253,0,1496,0,1496,4.017878031289824e-08,0.1359484148307361,0.0835296079123509,0.1428426527115038,0,0,1480,1496,100,1.0,greedy,12,False
67,218,3000,364.1896583517772,1033.7469369584887,0.1839045135451323,0.6557084337141676,1400,0,2584,0,2584,1.750587451227703e-08,0.4666666666666667,0.1213965527839257,0.3445823123194962,0,0,2179,2193,100,1.0,greedy,13,True
90,142,2295,230.070119022056,482.5166031569668,0.1536697588148571,0.5856502412540731,276,0,1969,0,1969,3.5066727138283854e-08,0.1202090592334494,0.1002047556716271,0.2101553149638357,0,0,1719,1731,100,1.0,greedy,14,False
61,150,3000,331.82064444384946,699.9563070880625,0.178320890405904,0.5685272498024606,764,0,2974,0,2974,0.0,0.2546666666666666,0.1106068814812831,0.2333187690293542,0,0,2974,2974,100,1.0,mincost,0,True
73,264,3000,374.8046933340897,1011.9976336305234,0.1990193332066835,0.6354589148660119,1607,0,2802,0,2802,-2.297395693162056e-09,0.5356666666666666,0.1249348977780299,0.3373325445435078,0,0,2801,2802,100,1.0,mincost,1,True
67,250,3000,344.66706333048336,879.1616847440322,0.1886392389810899,0.6280868547425018,1262,0,2939,0,2939,-3.02149848424584e-09,0.4206666666666667,0.1148890211101611,0.2930538949146773,0,0,2938,2939,100,1.0,mincost,2,True
80,240,3000,362.9153235874914,1115.9547921675037,0.1926613985465523,0.6568737310629622,1814,0,2828,0,2828,0.0,0.6046666666666667,0.1209717745291638,0.3719849307225012,0,0,2828,2828,100,1.0,mincost,3,True
100,121,3000,342.6672332489439,806.4455663816277,0.187438643081156,0.5754369144788721,1228,0,2967,0,2967,0.0,0.4093333333333333,0.1142224110829813,0.2688151887938759,0,0,2967,2967,100,1.0,mincost,4,True
88,166,3000,339.90376397083355,877.6624801620484,0.190999215097838,0.592139477105464,1404,0,2927,0,2927,-2.0353250415598063e-09,0.468,0.1133012546569445,0.2925541600540161,0,0,2926,2927,100,1.0,mincost,5,True
114,218,3000,341.6770701262081,787.3589803630106,0.1593660753626621,0.603838625430232,532,0,2974,0,2974,0.0,0.1773333333333333,0.113892356708736,0.2624529934543368,0,0,2974,2974,100,1.0,mincost,6,True
70,82,3000,361.6771278658544,823.5006893967058,0.176506726187237,0.6155010023432568,913,0,2974,0,2974,-2.213257816394656e-09,0.3043333333333333,0.1205590426219514,0.2745002297989019,0,0,2972,2974,100,1.0,mincost,7,True
72,355,3000,367.3725007628194,1183.744890401856,0.183878564427512,0.7168767690936414,2341,0,2965,0,2965,0.0,0.7803333333333333,0.1224575002542731,0.394581630133952,0,0,2965,2965,100,1.0,mincost,8,True
67,301,3000,354.1486230542129,976.2230301477612,0.182987268996814,0.63059115154217,1676,0,2970,0,2970,-5.119093391226969e-09,0.5586666666666666,0.1180495410180709,0.3254076767159204,0,0,2967,2970,100,1.0,mincost,9,True
71,147,3000,321.3732780990061,708.4847747769345,0.1705958438484429,0.5735575527692016,806,0,2975,0,2975,0.0,0.2686666666666666,0.107124426033002,0.2361615915923115,0,0,2975,2975,100,1.0,mincost,10,True
65,224,3000,347.05701228825416,830.7738221425327,0.1741107776832218,0.6335235621172188,1473,0,2972,0,2972,0.0,0.491,0.1156856707627513,0.2769246073808442,0,0,2972,2972,100,1.0,mincost,11,True
61,186,3000,335.24206102267857,694.1868039642538,0.1570556353641709,0.5887899387364468,511,0,2822,0,2822,-2.754086205004962e-09,0.1703333333333333,0.1117473536742262,0.2313956013214179,0,0,2821,2822,100,1.0,mincost,12,True
93,335,3000,365.2506453203764,1186.5654141406765,0.1887547373575352,0.6959579446948219,2001,0,2965,0,2965,-1.846651532522638e-09,0.667,0.1217502151067921,0.3955218047135588,0,0,2964,2965,100,1.0,mincost,13,True
90,213,3000,341.5521669783176,858.7669790874013,0.1652284354982864,0.6168544234064998,1224,0,2973,0,2973,-2.288631741398129e-09,0.408,0.1138507223261058,0.2862556596958004,0,0,2972,2973,100,1.0,mincost,14,True
70,150,3000,355.20309467736587,786.3171430439093,0.1743333623042682,0.5852310410050825,296,0,2429,0,2429,-8.803781887955603e-08,0.0986666666666666,0.1184010315591219,0.2621057143479697,0,0,1830,2429,100,1.0,eqopt,0,True
98,191,3000,390.6821265226024,1036.572995171987,0.183346208419913,0.6265185534001443,1506,0,2586,0,2586,-1.2169588875573545e-07,0.502,0.1302273755075341,0.3455243317239956,0,0,2090,2556,100,1.0,eqopt,1,True
89,250,2195,238.3188143753056,555.4878752383255,0.1442442718193373,0.5846018729261154,111,0,1805,0,1805,-2.707859749733687e-07,0.0505464480874316,0.1085240502619788,0.252954405846232,0,0,1033,1443,100,1.0,eqopt,2,False
105,240,3000,365.201414890913,1078.9851457849527,0.1682902143863367,0.6447834467246452,1492,0,2454,0,2454,-1.2643381065051845e-07,0.4973333333333333,0.1217338049636376,0.3596617152616509,0,0,1853,2174,100,1.0,eqopt,3,True
100,160,3000,350.7327246171306,827.8974608634741,0.1602061067901377,0.5800499516120914,44,0,2575,0,2575,-7.159691895911405e-08,0.0146666666666666,0.1169109082057102,0.2759658202878247,0,0,1147,1608,100,1.0,eqopt,4,True
115,166,3000,360.8507569849831,893.6318631034825,0.1631571167875296,0.5807938649365073,774,0,2698,0,2698,-1.6479398777821998e-07,0.258,0.120283585661661,0.2978772877011608,0,0,2449,2698,100,1.0,eqopt,5,True
128,221,1066,92.7697275966749,189.00022251028287,0.1166992460468778,0.5260764418639893,18,0,838,0,838,-6.865740007141437e-07,0.0168697282099343,0.0869444494814197,0.1771323547425331,0,0,233,395,100,1.0,eqopt,6,False
84,111,3000,378.6048538666056,871.7576924098676,0.1788846529129965,0.5825994488640938,696,0,2669,0,2669,-1.597878881885688e-07,0.232,0.1262016179555352,0.2905858974699558,0,0,1956,2669,100,1.0,eqopt,7,True
108,355,3000,357.7699098903292,1081.7717488745957,0.1536317376204401,0.6514255986808731,1782,0,2525,0,2525,-1.1889793164080853e-07,0.594,0.1192566366301097,0.3605905829581985,0,0,1496,1796,100,1.0,eqopt,8,True
71,257,3000,368.615799370142,1023.3361624153586,0.1722571607695313,0.620714162085807,1332,0,2671,0,2671,-1.250727547544468e-07,0.444,0.1228719331233806,0.3411120541384528,0,0,2264,2598,100,1.0,eqopt,9,True
71,192,3000,344.44942042773255,794.6462142809081,0.1731636192820745,0.5464943890047216,370,0,2622,0,2622,-8.627535553382094e-08,0.1233333333333333,0.1148164734759108,0.2648820714269693,0,0,2486,2622,100,1.0,eqopt,10,True
77,224,1293,110.44226985419785,230.47721404621768,0.1302235171841518,0.5386064877070801,9,0,871,0,871,-4.883940124490074e-07,0.0069551777434312,0.0853495130248824,0.1781122210558096,0,0,582,871,100,1.0,eqopt,11,False
74,200,2340,235.869960706526,461.90165322890266,0.1288619930678274,0.5348717003931247,158,0,2055,0,2055,-1.5800417334865277e-07,0.0674925245621529,0.100756070357337,0.1973095485813339,0,0,1322,1625,100,1.0,eqopt,12,False
132,218,3000,374.5961042577931,1205.6646952216754,0.1836764779195965,0.6634304736391937,1407,0,2728,0,2728,-1.2813517782641882e-07,0.469,0.124865368085931,0.4018882317405585,0,0,2323,2728,100,1.0,eqopt,13,True
112,213,1597,138.0405104467656,295.7370587162972,0.1236827437663522,0.5405120462384385,115,0,1246,0,1246,-2.9792551054723065e-07,0.071964956195244,0.0863832981519184,0.1850669954419882,0,0,609,1004,100,1.0,eqopt,14,False
34,74,3000,353.36731608160966,781.2984804070253,0.1917462629683473,0.6041745831454828,1046,0,0,0,0,0.0,0.3486666666666667,0.1177891053605365,0.2604328268023417,0,0,0,0,200,1.0,static,0,True
38,141,3000,354.76072822089884,861.2022437123936,0.1997774294971423,0.5900747531182456,1277,0,0,0,0,0.0,0.4256666666666667,0.1182535760736329,0.2870674145707979,0,0,0,0,200,1.0,static,1,True
32,131,3000,343.7123334798504,794.9676865206709,0.2032252376111417,0.5742402833444455,1188,0,0,0,0,0.0,0.396,0.1145707778266167,0.2649892288402236,0,0,0,0,200,1.0,static,2,True
42,163,3000,357.6339312009773,963.376367579614,0.2015583464419446,0.62725618478505,1534,0,0,0,0,0.0,0.5113333333333333,0.1192113104003257,0.3211254558598713,0,0,0,0,200,1.0,static,3,True
36,66,3000,338.24420481717146,709.0311229486981,0.1892527141140935,0.5615644252851048,686,0,0,0,0,0.0,0.2286666666666666,0.1127480682723904,0.236343707649566,0,0,0,0,200,1.0,static,4,True
48,170,3000,343.3371195947948,803.7234816715943,0.2008231364662643,0.5737917137868618,1006,0,0,0,0,0.0,0.3353333333333333,0.1144457065315982,0.2679078272238647,0,0,0,0,200,1.0,static,5,True
75,108,3000,335.91651699785126,728.4795913785354,0.1815649002702396,0.5541808985065116,621,0,0,0,0,0.0,0.207,0.111972172332617,0.2428265304595117,0,0,0,0,200,1.0,static,6,True
36,120,3000,340.0318120019044,724.8088074581088,0.1853188450640657,0.5698997425865272,619,0,0,0,0,0.0,0.2063333333333333,0.1133439373339681,0.2416029358193696,0,0,0,0,200,1.0,static,7,True
38,247,3000,362.6461893015723,1047.128543050768,0.1954451868492749,0.66071259452197,1585,0,0,0,0,0.0,0.5283333333333333,0.1208820631005241,0.3490428476835893,0,0,0,0,200,1.0,static,8,True
41,160,3000,354.734704281119,877.0245462448602,0.1959568621356555,0.6047499604175764,1266,0,0,0,0,0.0,0.422,0.1182449014270396,0.2923415154149534,0,0,0,0,200,1.0,static,9,True
49,88,3000,338.379157226493,757.6316074242127,0.192432175841769,0.575158466911281,778,0,0,0,0,0.0,0.2593333333333333,0.112793052408831,0.2525438691414042,0,0,0,0,200,1.0,static,10,True
36,153,3000,334.89792364260217,748.2057285453681,0.1838436819254528,0.5822178855364993,803,0,0,0,0,0.0,0.2676666666666666,0.1116326412142007,0.2494019095151227,0,0,0,0,200,1.0,static,11,True
35,133,3000,322.7303634843494,633.0189853012847,0.1717119141774144,0.5243609973914076,381,0,0,0,0,0.0,0.127,0.1075767878281164,0.2110063284337615,0,0,0,0,200,1.0,static,12,True
42,233,3000,361.6266715095046,940.8731116785762,0.1994209644562332,0.6256817047309846,1399,0,0,0,0,0.0,0.4663333333333333,0.1205422238365015,0.3136243705595253,0,0,0,0,200,1.0,static,13,True
49,401,3000,341.16568630345154,921.2467161418178,0.1875993975283138,0.6292849634579026,1399,0,0,0,0,0.0,0.4663333333333333,0.1137218954344838,0.3070822387139393,0,0,0,0,200,1.0,static,14,True
34,35,1581,114.70082850335857,199.7900641672684,0.1273841101622498,0.5142962294624172,21,0,741,0,741,6.286183221735029e-07,0.0132743362831858,0.0725036842625528,0.1262895475140761,0,0,138,510,200,1.0,random,0,False
34,72,1406,86.85616075405265,142.35418601980209,0.1129212687103981,0.4038492939913921,22,0,521,0,521,6.603836728013983e-07,0.0156361051883439,0.0617314575366401,0.1011756830275778,0,0,72,322,200,1.0,random,1,False
39,56,1257,71.75527050214666,114.26595024211194,0.1334365757402756,0.4614755422454422,28,0,352,0,352,1.391107255023223e-06,0.0222575516693163,0.057039165740975,0.0908314389841907,0,0,85,352,200,1.0,random,2,False
42,89,1101,66.41370931505895,112.38717436732966,0.1233515331483938,0.5443554418694462,39,0,385,0,385,4.595851664714244e-07,0.0353901996370235,0.0602665238793638,0.1019847317307891,0,0,110,385,200,1.0,random,3,False
30,52,1214,62.11392415512326,90.87442603635856,0.1199260094385265,0.4356968501019517,10,0,253,0,253,3.005329514098879e-06,0.0082304526748971,0.0511225713210891,0.0747937662850687,0,0,65,253,200,1.0,random,4,False
38,69,1400,82.61427688163087,137.8799215708469,0.1215703432453848,0.4950502687308982,118,0,459,0,459,1.3891965914822895e-06,0.0842255531763026,0.0589680777170812,0.0984153615780491,0,0,197,459,200,1.0,random,5,False
22,22,1452,69.56066821874343,103.97712667154988,0.1125735826456114,0.4144470031580334,24,0,366,0,366,2.7876903502369176e-06,0.0165175498967653,0.0478738253398096,0.0715603074133171,0,0,55,223,200,1.0,random,6,False
30,55,1100,61.24639139274809,91.11916521847776,0.1261644337613602,0.4598185144987179,13,0,289,0,289,9.412212390406238e-07,0.0118074477747502,0.0556279667509065,0.0827603680458471,0,0,77,289,200,1.0,random,7,False
37,52,1555,123.6259645989458,241.52025744819343,0.1291673823285266,0.6483577894781438,496,0,849,0,849,2.861076135278916e-07,0.3187660668380462,0.0794511340610191,0.1552186744525664,0,0,556,849,200,1.0,random,8,False
22,33,1403,89.2940715966045,150.92984006257635,0.1253036381145247,0.5211705393891628,259,0,516,0,516,-1.4720503086317266e-07,0.1844729344729344,0.0635997660944476,0.107499886084456,0,0,309,516,200,1.0,random,9,False
47,73,1101,57.89332234103343,89.91310371261962,0.1139435168696701,0.4925454052369813,13,0,277,0,277,2.25766602755706e-06,0.0117967332123411,0.0525347752640956,0.0815908382147183,0,0,64,277,200,1.0,random,10,False
28,41,1247,75.24764143253635,121.23700971725754,0.1267330495530308,0.5221164827615546,25,0,403,0,403,-5.22071713345845e-07,0.0200320512820512,0.060294584481199,0.0971450398375461,0,0,108,387,200,1.0,random,11,False
32,35,1181,63.01804239702269,89.09970048464444,0.1118836898130842,0.3602212248197091,15,0,235,0,235,7.924070657995536e-07,0.0126903553299492,0.0533147566810682,0.0753804572628125,0,0,56,235,200,1.0,random,12,False
27,76,1668,124.71905650119076,231.13094228935532,0.1239850833508211,0.490075408199368,14,0,847,0,847,5.394071721491978e-07,0.0083882564409826,0.0747268163578135,0.1384846868120763,0,0,97,358,200,1.0,random,13,False
38,65,1534,105.74148565351312,194.5418236773752,0.1196237660462498,0.5437238352517465,15,0,715,0,715,1.963022881217806e-07,0.009771986970684,0.0688869613377935,0.1267373444152281,0,0,78,347,200,1.0,random,14,False
32,74,3000,334.316583588518,670.4654618456498,0.1770222038566086,0.5652316488134487,418,0,2205,0,2205,1.9350168788702214e-08,0.1393333333333333,0.1114388611961726,0.2234884872818832,0,0,2184,2205,200,1.0,greedy,0,True
38,141,3000,360.02273001460014,809.823238098349,0.1854847471008761,0.5863529010216048,757,0,2480,0,2480,-3.463226395635897e-09,0.2523333333333333,0.1200075766715333,0.2699410793661163,0,0,2460,2480,200,1.0,greedy,1,True
32,110,3000,345.4714170995828,772.417660661702,0.1948994438072161,0.5701068404667894,893,0,2170,0,2170,5.200830902322257e-09,0.2976666666666667,0.1151571390331942,0.2574725535539007,0,0,2156,2170,200,1.0,greedy,2,True
42,163,3000,351.6645578616447,893.1782970136826,0.1963073734098081,0.6105713889916511,1239,0,2242,0,2242,6.2546185471289285e-09,0.413,0.1172215192872149,0.2977260990045609,0,0,2227,2242,200,1.0,greedy,3,True
36,66,3000,321.15594766262655,609.4285345821696,0.1738186687182357,0.5488258575109565,388,0,2210,0,2210,2.9065556188861124e-08,0.1293333333333333,0.1070519825542088,0.2031428448607232,0,0,2192,2210,200,1.0,greedy,4,True
48,151,3000,335.6047929194064,749.2465422106528,0.1950653250125479,0.5435321415827147,953,0,2235,0,2235,3.913608397021071e-09,0.3176666666666666,0.1118682643064688,0.2497488474035509,0,0,2219,2235,200,1.0,greedy,5,True
75,98,3000,324.19317454269327,649.6198898938443,0.1744642189345186,0.5260142402854623,196,0,2175,0,2175,4.363778738715737e-08,0.0653333333333333,0.108064391514231,0.216539963297948,0,0,2158,2175,200,1.0,greedy,6,True
36,120,3000,326.6839275442184,644.0061321538368,0.1765898922396426,0.5401634970577213,217,0,2193,0,2193,3.5731217723294255e-08,0.0723333333333333,0.1088946425147394,0.2146687107179456,0,0,2178,2193,200,1.0,greedy,7,True
38,206,3000,354.33521306431675,934.5868741502936,0.1961383998166964,0.6185440672268531,1345,0,2292,0,2292,1.6202676281341145e-08,0.4483333333333333,0.1181117376881055,0.3115289580500979,0,0,2276,2292,200,1.0,greedy,8,True
41,91,3000,337.4796069709798,759.0230415812752,0.1932641570622777,0.5274731274785412,871,0,2129,0,2129,4.028142730355072e-08,0.2903333333333333,0.1124932023236599,0.2530076805270917,0,0,2112,2129,200,1.0,greedy,9,True
49,93,3000,343.9593482049697,752.0484516455934,0.1883470436356444,0.5694821075227247,655,0,2238,0,2238,4.356340552173424e-09,0.2183333333333333,0.1146531160683232,0.2506828172151978,0,0,2222,2238,200,1.0,greedy,10,True
33,109,2993,316.2517520853661,646.6673908136337,0.1747327704608434,0.5635828460994008,441,0,2162,0,2162,3.0629380222190696e-08,0.1472945891783567,0.1056285077105431,0.2159877724828436,0,0,2143,2162,200,1.0,greedy,11,False
35,99,3000,309.2129271671045,570.3324823991728,0.1641908480802949,0.4826620742692299,247,0,2186,0,2186,2.238202652319013e-08,0.0823333333333333,0.1030709757223681,0.1901108274663909,0,0,2168,2186,200,1.0,greedy,12,True
40,120,3000,355.4389189399942,847.4607027066401,0.1944754943772621,0.5893488854042589,1123,0,2318,0,2318,1.0097214040552286e-08,0.3743333333333333,0.1184796396466647,0.2824869009022133,0,0,2300,2318,200,1.0,greedy,13,True
49,104,3000,342.7218687958651,869.0485262756658,0.1904736250619543,0.6088609906158351,1203,0,2288,0,2288,1.3116897941572876e-08,0.401,0.114240622931955,0.2896828420918886,0,0,2276,2288,200,1.0,greedy,14,True
35,109,3000,352.16602602643115,782.449094528344,0.1900981340942154,0.6006219117640934,1101,0,2692,0,2692,-2.856962810554494e-10,0.367,0.1173886753421437,0.2608163648427813,0,0,2691,2692,200,1.0,mincost,0,True
38,141,3000,354.76072822089884,861.2022437123936,0.1997774294971423,0.5900747531182456,1277,0,2473,0,2473,0.0,0.4256666666666667,0.1182535760736329,0.2870674145707979,0,0,2473,2473,200,1.0,mincost,1,True
32,131,3000,346.35089756957666,806.1316807146661,0.2031172743085607,0.5870716915182101,1204,0,2466,0,2466,-1.7396783564157975e-09,0.4013333333333333,0.1154502991898588,0.268710560238222,0,0,2465,2466,200,1.0,mincost,2,True
42,163,3000,357.6339312009773,963.376367579614,0.2015583464419446,0.62725618478505,1534,0,2582,0,2582,0.0,0.5113333333333333,0.1192113104003257,0.3211254558598713,0,0,2582,2582,200,1.0,mincost,3,True
36,66,3000,338.24420481717146,709.0311229486981,0.1892527141140935,0.5615644252851048,686,0,2474,0,2474,0.0,0.2286666666666666,0.1127480682723904,0.236343707649566,0,0,2474,2474,200,1.0,mincost,4,True
48,170,3000,343.5454176934498,802.7431345763814,0.2010546965379135,0.5754918310087072,1051,0,2312,0,2312,6.170404836620521e-10,0.3503333333333333,0.1145151392311499,0.2675810448587938,0,0,2311,2312,200,1.0,mincost,5,True
75,108,3000,335.91651699785126,728.4795913785354,0.1815649002702396,0.5541808985065116,621,0,2494,0,2494,0.0,0.207,0.111972172332617,0.2428265304595117,0,0,2494,2494,200,1.0,mincost,6,True
36,120,3000,341.90147534068245,730.7144330642611,0.1857261656269205,0.5758572080345623,644,0,2533,0,2533,-1.687502274595744e-09,0.2146666666666666,0.1139671584468941,0.243571477688087,0,0,2531,2533,200,1.0,mincost,7,True
38,247,3000,362.6461893015723,1047.128543050768,0.1954451868492749,0.66071259452197,1585,0,2583,0,2583,0.0,0.5283333333333333,0.1208820631005241,0.3490428476835893,0,0,2583,2583,200,1.0,mincost,8,True
41,160,3000,354.734704281119,877.0245462448602,0.1959568621356555,0.6047499604175764,1266,0,2484,0,2484,0.0,0.422,0.1182449014270396,0.2923415154149534,0,0,2484,2484,200,1.0,mincost,9,True
49,88,3000,338.379157226493,757.6316074242127,0.192432175841769,0.575158466911281,778,0,2245,0,2245,0.0,0.2593333333333333,0.112793052408831,0.2525438691414042,0,0,2245,2245,200,1.0,mincost,10,True
36,153,3000,334.89792364260217,748.2057285453681,0.1838436819254528,0.5822178855364993,803,0,2452,0,2452,0.0,0.2676666666666666,0.1116326412142007,0.2494019095151227,0,0,2452,2452,200,1.0,mincost,11,True
35,133,3000,326.4282682737366,644.636515794693,0.1719869866709646,0.540983621750574,380,0,2543,0,2543,-6.437687347966001e-10,0.1266666666666666,0.1088094227579122,0.2148788385982309,0,0,2542,2543,200,1.0,mincost,12,True
42,233,3000,361.6266715095046,940.8731116785762,0.1994209644562332,0.6256817047309846,1399,0,2521,0,2521,0.0,0.4663333333333333,0.1205422238365015,0.3136243705595253,0,0,2521,2521,200,1.0,mincost,13,True
49,401,3000,341.16568630345154,921.2467161418178,0.1875993975283138,0.6292849634579026,1399,0,2558,0,2558,0.0,0.4663333333333333,0.1137218954344838,0.3070822387139393,0,0,2558,2558,200,1.0,mincost,14,True
39,74,3000,358.9464425113775,797.0219280926292,0.1881669689178365,0.5737921822598511,656,0,2270,0,2270,-6.395199207141324e-08,0.2186666666666666,0.1196488141704591,0.2656739760308764,0,0,1681,2270,200,1.0,eqopt,0,True
46,121,3000,363.0360736466876,878.7206340686714,0.1963103551432931,0.5737233077362693,939,0,2217,0,2217,-1.0786930333575234e-07,0.313,0.1210120245488958,0.2929068780228904,0,0,1877,2217,200,1.0,eqopt,1,True
42,131,3000,352.4000283823553,817.8596519966069,0.2005058083190779,0.5631142167163349,848,0,2106,0,2106,-1.2986629838866157e-07,0.2826666666666667,0.1174666761274517,0.2726198839988689,0,0,1882,2106,200,1.0,eqopt,2,True
57,153,3000,372.4336092274327,1001.1949436744354,0.1997948890951117,0.6103823740472883,1225,0,2293,0,2293,-6.167362130862519e-08,0.4083333333333333,0.1241445364091442,0.3337316478914784,0,0,2033,2293,200,1.0,eqopt,3,True
54,66,3000,345.87087906716334,731.1807308035435,0.1858012851918266,0.5481538872704614,260,0,2138,0,2138,-6.45622980060441e-08,0.0866666666666666,0.1152902930223877,0.2437269102678478,0,0,1913,2138,200,1.0,eqopt,4,True
61,170,3000,356.3975540410504,838.6106395668404,0.1963809404668918,0.5524434935648269,838,0,2230,0,2230,-1.1239569096979025e-07,0.2793333333333333,0.1187991846803501,0.2795368798556135,0,0,1487,2230,200,1.0,eqopt,5,True
66,137,3000,350.441804605751,769.2312411699447,0.1772522702443371,0.5465493657509365,226,0,2377,0,2377,-8.896046957935214e-08,0.0753333333333333,0.1168139348685836,0.2564104137233149,0,0,1657,2377,200,1.0,eqopt,6,True
50,83,3000,350.0657705033865,737.6232772563997,0.1817973494958696,0.5630654638966395,36,0,2254,0,2254,-9.254997406437009e-08,0.012,0.1166885901677955,0.2458744257521332,0,0,1608,2254,200,1.0,eqopt,7,True
59,247,3000,371.2709317404035,1079.6525985800536,0.1914380587613389,0.6355621038861803,1373,0,2312,0,2312,-8.769765089888008e-08,0.4576666666666666,0.1237569772468011,0.3598841995266845,0,0,2200,2312,200,1.0,eqopt,8,True
41,160,3000,363.9798045018112,907.5411328388412,0.1895888208212674,0.6028301704740947,1038,0,2288,0,2288,-8.470429578056685e-08,0.346,0.1213266015006037,0.3025137109462804,0,0,1815,2288,200,1.0,eqopt,9,True
49,121,3000,345.76354733881993,776.130492019227,0.1874926127824934,0.558563443039618,612,0,2144,0,2144,-7.418141343087353e-08,0.204,0.1152545157796066,0.258710164006409,0,0,1844,2144,200,1.0,eqopt,10,True
42,159,3000,338.6246005587825,747.5730065093913,0.1787310472356348,0.5596906835814949,399,0,2254,0,2254,-9.389183010983432e-08,0.133,0.1128748668529275,0.2491910021697971,0,0,2231,2254,200,1.0,eqopt,11,True
42,133,3000,333.4823387859346,659.385282711781,0.1725194517165433,0.5026774348283447,6,0,2205,0,2205,-6.77459418163855e-08,0.002,0.1111607795953115,0.2197950942372603,0,0,1975,2205,200,1.0,eqopt,12,True
52,195,3000,370.0995196777874,966.7313331529708,0.1966287342993945,0.601144282541686,1209,0,2223,0,2223,-1.1205255556797297e-07,0.403,0.1233665065592624,0.322243777717657,0,0,2200,2223,200,1.0,eqopt,13,True
67,187,3000,342.43601090733404,889.1268099612644,0.179658401879513,0.5929578013943014,1019,0,2268,0,2268,-8.844463750938968e-08,0.3396666666666667,0.1141453369691113,0.2963756033204214,0,0,1502,2268,200,1.0,eqopt,14,True
16,128,3000,352.59559899415683,836.6304476679214,0.2055281591185939,0.5936359335441324,1212,0,0,0,0,0.0,0.404,0.1175318663313856,0.2788768158893071,0,0,0,0,500,1.0,static,0,True
16,66,3000,350.82980656723373,793.5764021864758,0.2090521217565988,0.5687292924087638,1004,0,0,0,0,0.0,0.3346666666666666,0.1169432688557445,0.2645254673954919,0,0,0,0,500,1.0,static,1,True
14,55,3000,347.6641621774555,781.8052788865452,0.2084816440183957,0.5684373805899255,985,0,0,0,0,0.0,0.3283333333333333,0.1158880540591518,0.2606017596288484,0,0,0,0,500,1.0,static,2,True
17,70,3000,348.99175993393595,831.6919001270613,0.2072883180700143,0.5841165239394698,1168,0,0,0,0,0.0,0.3893333333333333,0.1163305866446453,0.2772306333756871,0,0,0,0,500,1.0,static,3,True
17,32,3000,338.5869713406444,723.5520966363819,0.2015529127931789,0.5498211321965573,764,0,0,0,0,0.0,0.2546666666666666,0.1128623237802148,0.2411840322121272,0,0,0,0,500,1.0,static,4,True
22,39,3000,331.7135468380324,705.6755066553292,0.2034891279524738,0.5330698043983703,647,0,0,0,0,0.0,0.2156666666666666,0.1105711822793441,0.2352251688851097,0,0,0,0,500,1.0,static,5,True
31,71,3000,334.1701396737217,734.9808594482591,0.2017444441105299,0.5388918598081437,775,0,0,0,0,0.0,0.2583333333333333,0.1113900465579072,0.2449936198160864,0,0,0,0,500,1.0,static,6,True
15,81,3000,351.76189863655736,813.0006834146217,0.2073330047390747,0.5788452530473734,970,0,0,0,0,0.0,0.3233333333333333,0.1172539662121857,0.2710002278048738,0,0,0,0,500,1.0,static,7,True
14,96,3000,346.9833559772919,838.3936494072773,0.2090261222578976,0.5838944538828749,1040,0,0,0,0,0.0,0.3466666666666667,0.1156611186590973,0.2794645498024257,0,0,0,0,500,1.0,static,8,True
18,64,3000,347.75169671555096,825.6657341889369,0.2081865510573056,0.5661485669639489,1126,0,0,0,0,0.0,0.3753333333333333,0.1159172322385169,0.2752219113963123,0,0,0,0,500,1.0,static,9,True
16,63,3000,324.8455411317634,662.3029275581432,0.1944731248062653,0.525369547791469,491,0,0,0,0,0.0,0.1636666666666666,0.1082818470439211,0.220767642519381,0,0,0,0,500,1.0,static,10,True
17,92,3000,340.372595984125,776.0025254115021,0.2025672406705582,0.55880501649135,898,0,0,0,0,0.0,0.2993333333333333,0.1134575319947083,0.2586675084705007,0,0,0,0,500,1.0,static,11,True
14,73,3000,336.4177579857862,672.0307111009324,0.1926599228548667,0.5231112616718463,213,0,0,0,0,0.0,0.071,0.1121392526619287,0.2240102370336441,0,0,0,0,500,1.0,static,12,True
16,140,3000,355.9832822349135,879.6306896732381,0.2111322978597476,0.5826788912413652,1170,0,0,0,0,0.0,0.39,0.1186610940783045,0.2932102298910793,0,0,0,0,500,1.0,static,13,True
22,142,3000,337.7532565350608,767.4167416180712,0.197218931928538,0.5680767379701787,891,0,0,0,0,0.0,0.297,0.1125844188450202,0.2558055805393571,0,0,0,0,500,1.0,static,14,True
20,36,2153,171.8468987095023,319.17572597109853,0.1405375443032469,0.483454257767482,28,0,1140,0,1140,6.27367661066041e-07,0.0129990714948932,0.0797803615178747,0.1481781457618841,0,0,159,735,500,1.0,random,0,False
16,26,3000,287.96351514061286,535.5715503862805,0.1381927373937216,0.4668147629145111,51,0,1989,0,1989,3.986984266994384e-07,0.017,0.0959878383802042,0.1785238501287601,0,0,167,701,500,1.0,random,1,True
14,31,1745,119.00854813984976,208.68313598281728,0.1493396133861216,0.4366290698825862,49,0,735,0,735,1.0857092494658135e-06,0.0280641466208476,0.0681606804924683,0.1195206964391851,0,0,157,735,500,1.0,random,2,False
13,29,1773,111.40027911647826,195.69574948695225,0.1426035975833741,0.422956546371749,28,0,707,0,707,1.2980181356937648e-06,0.0157835400225479,0.0627960987127836,0.1103132747953507,0,0,140,707,500,1.0,random,3,False
16,26,1984,147.90034529893958,256.88863171430137,0.1383024001306593,0.4335052419656385,67,0,974,0,974,8.496647215880398e-07,0.0337531486146095,0.0745089900750325,0.1294149278157689,0,0,224,808,500,1.0,random,4,False
17,26,2373,190.86832839061503,341.27767605291393,0.1332225892937786,0.447450968384437,13,0,1304,0,1304,5.755113767106777e-07,0.0054759898904802,0.0803994643599895,0.1437563926086411,0,0,140,624,500,1.0,random,5,False
24,42,2174,162.63811668834006,291.08755413611505,0.1348940754135192,0.5067413539913506,423,0,1114,0,1114,5.087111572994891e-07,0.1944827586206896,0.0747761456038345,0.1338333582235011,0,0,486,1114,500,1.0,random,6,False
15,80,2276,195.5922272308449,371.81685899976304,0.1452433008400937,0.5135264679569571,127,0,1262,0,1262,5.777256813880227e-07,0.0557751427316644,0.085899089692949,0.1632924281948893,0,0,250,764,500,1.0,random,7,False
12,55,1826,119.94374527178732,216.33972080810497,0.1411524991959951,0.4206857869425955,30,0,787,0,787,1.1696253325961011e-06,0.0164203612479474,0.0656506542264845,0.1184125455983059,0,0,181,787,500,1.0,random,8,False
18,34,1983,147.3020098881938,271.7609822207977,0.1414564700394592,0.4401811704633555,85,0,970,0,970,9.051555850553983e-07,0.0428427419354838,0.074244964661388,0.1369763015225794,0,0,299,970,500,1.0,random,9,False
15,32,1788,112.11867936326476,181.7991012792538,0.1273829630683132,0.4186300321524998,21,0,733,0,733,7.81643908329037e-07,0.0117384013415315,0.0626711455356426,0.1016205149688394,0,0,195,733,500,1.0,random,10,False
18,57,3000,278.24128511646245,525.3185593818956,0.133789108346045,0.4747572501748152,78,0,1975,0,1975,2.83953540956333e-07,0.026,0.0927470950388208,0.1751061864606318,0,0,188,692,500,1.0,random,11,True
14,44,1799,116.37884451282348,187.5400896771953,0.1307446267772211,0.345273856403273,152,0,753,0,753,7.490857609075246e-07,0.0844444444444444,0.0646549136182352,0.1041889387095529,0,0,317,753,500,1.0,random,12,False
16,51,1709,111.97202780882904,203.35069454578624,0.1426092396246234,0.4227870808425876,35,0,709,0,709,9.226819659793736e-07,0.0204678362573099,0.065480718016859,0.1189185348220972,0,0,152,709,500,1.0,random,13,False
20,37,1768,110.6415575459972,190.2735543686448,0.1407555761913036,0.4357578851628232,35,0,691,0,691,1.033269010269907e-06,0.0197851893725268,0.0625446905291109,0.1075599515933549,0,0,164,691,500,1.0,random,14,False
16,128,3000,346.6319203991925,799.2403249007333,0.2031803630697817,0.5709166280042941,1128,0,2182,0,2182,4.1112706563219055e-09,0.376,0.1155439734663975,0.2664134416335778,0,0,2171,2182,500,1.0,greedy,0,True
16,64,3000,347.0266517193448,759.9821902578833,0.2037452724009992,0.5567846604833395,870,0,2086,0,2086,5.845072123735946e-09,0.29,0.1156755505731149,0.2533273967526278,0,0,2070,2086,500,1.0,greedy,1,True
14,55,3000,350.4239839265434,783.5086370736374,0.2069357993879854,0.5693143501338417,971,0,2071,0,2071,1.4806350457619214e-09,0.3236666666666666,0.1168079946421811,0.2611695456912125,0,0,2060,2071,500,1.0,greedy,2,True
17,69,3000,346.2427041293274,793.6498928436696,0.2034472763215744,0.5788899994724629,1089,0,2167,0,2167,8.470329983734359e-09,0.363,0.1154142347097758,0.2645499642812232,0,0,2147,2167,500,1.0,greedy,3,True
17,32,3000,337.9824881360548,709.9526738431354,0.1977505616829314,0.552411370796271,742,0,2009,0,2009,6.826031104089568e-09,0.2473333333333333,0.1126608293786849,0.2366508912810451,0,0,1991,2009,500,1.0,greedy,4,True
22,39,3000,332.9129066211412,705.1684520844667,0.2013238196934463,0.5412523035341912,681,0,1961,0,1961,3.6691749466684796e-09,0.227,0.1109709688737137,0.2350561506948222,0,0,1946,1961,500,1.0,greedy,5,True
31,79,3000,334.51115615936163,731.279288623264,0.2008880153716477,0.5375701385607651,821,0,2000,0,2000,2.613375341757807e-09,0.2736666666666666,0.1115037187197872,0.2437597628744213,0,0,1985,2000,500,1.0,greedy,6,True
15,81,3000,349.9715579036012,792.5290755472829,0.2064794488158125,0.5752837596156006,934,0,1984,0,1984,6.4003197254598545e-09,0.3113333333333333,0.116657185967867,0.264176358515761,0,0,1968,1984,500,1.0,greedy,7,True
14,88,3000,350.4311724491514,828.4380914334049,0.2075216644856341,0.585251643706096,1069,0,2073,0,2073,8.314258182028542e-09,0.3563333333333333,0.1168103908163838,0.2761460304778016,0,0,2050,2073,500,1.0,greedy,8,True
17,59,3000,349.26739891911507,811.0168699114254,0.2075268386934874,0.5701228367324052,1038,0,2081,0,2081,1.711500550754358e-09,0.346,0.1164224663063717,0.2703389566371418,0,0,2071,2081,500,1.0,greedy,9,True
16,63,3000,323.6307083001792,642.1856009191816,0.1915750213517026,0.5114255622381654,255,0,2090,0,2090,4.479610740386035e-09,0.085,0.1078769027667264,0.2140618669730605,0,0,2072,2090,500,1.0,greedy,10,True
17,92,3000,337.6424557089105,739.681318649585,0.1962822935017887,0.5510761823585498,759,0,2049,0,2049,1.2381366199516878e-08,0.253,0.1125474852363035,0.2465604395498616,0,0,2019,2049,500,1.0,greedy,11,True
14,73,3000,336.87442399595864,673.3598273980533,0.1929870416788967,0.5296672817456682,332,0,2104,0,2104,1.4115998860265392e-09,0.1106666666666666,0.1122914746653195,0.2244532757993511,0,0,2092,2104,500,1.0,greedy,12,True
16,140,3000,358.3619863759562,881.036766910092,0.210089203951353,0.5870051957823151,1195,0,2064,0,2064,2.963077417205536e-09,0.3983333333333333,0.119453995458652,0.293678922303364,0,0,2050,2064,500,1.0,greedy,13,True
22,131,3000,333.4674863571315,750.2858081259207,0.1968826953755268,0.5560074103577115,836,0,2013,0,2013,1.7825269349960243e-09,0.2786666666666667,0.1111558287857105,0.2500952693753069,0,0,1999,2013,500,1.0,greedy,14,True
16,128,3000,352.59559899415683,836.6304476679214,0.2055281591185939,0.5936359335441324,1212,0,2260,0,2260,0.0,0.404,0.1175318663313856,0.2788768158893071,0,0,2260,2260,500,1.0,mincost,0,True
16,66,3000,350.2295469834866,792.0003985739598,0.2085624611751617,0.5631388836181526,999,0,2106,0,2106,-1.1046451084380843e-09,0.333,0.1167431823278288,0.2640001328579866,0,0,2102,2106,500,1.0,mincost,1,True
14,55,3000,351.13894440076285,798.268437036371,0.2079963587457044,0.5847325331326866,1020,0,2123,0,2123,-1.403300081330317e-09,0.34,0.1170463148002542,0.2660894790121236,0,0,2118,2123,500,1.0,mincost,2,True
17,77,3000,349.96485998122387,835.6039914577929,0.2071317731905933,0.5898340442050125,1150,0,2154,0,2154,-1.0063247960989246e-09,0.3833333333333333,0.1166549533270746,0.2785346638192643,0,0,2149,2154,500,1.0,mincost,3,True
17,32,3000,339.2477121832318,725.518206154609,0.2012232805471963,0.5526514362015836,764,0,2105,0,2105,-1.3787102758746847e-09,0.2546666666666666,0.1130825707277439,0.2418394020515363,0,0,2103,2105,500,1.0,mincost,4,True
22,39,3000,334.8225987596435,719.62108300674,0.2021316797042658,0.5485217755623569,666,0,1978,0,1978,-2.0667480086955756e-09,0.222,0.1116075329198811,0.23987369433558,0,0,1972,1978,500,1.0,mincost,5,True
31,72,3000,336.1250693293305,743.0274861696205,0.2017745235816632,0.5442755501233947,795,0,2014,0,2014,-1.355468259232219e-09,0.265,0.1120416897764434,0.2476758287232068,0,0,2013,2014,500,1.0,mincost,6,True
15,81,3000,351.78594577483653,813.0069690981884,0.2073445920237079,0.5788453862109917,970,0,2028,0,2028,-1.5170067934483652e-10,0.3233333333333333,0.1172619819249455,0.2710023230327295,0,0,2027,2028,500,1.0,mincost,7,True
15,96,3000,348.33215041359176,847.4640223659717,0.2078104997583627,0.5916535184404643,1062,0,2091,0,2091,-1.890160164345729e-09,0.354,0.1161107168045305,0.2824880074553239,0,0,2086,2091,500,1.0,mincost,8,True
18,64,3000,351.644018455086,844.2866010843347,0.2081530609915273,0.5795312194446537,1144,0,2125,0,2125,-1.3131797399561291e-09,0.3813333333333333,0.117214672818362,0.2814288670281116,0,0,2121,2125,500,1.0,mincost,9,True
16,63,3000,324.8455411317634,662.3029275581432,0.1944731248062653,0.525369547791469,491,0,2141,0,2141,0.0,0.1636666666666666,0.1082818470439211,0.220767642519381,0,0,2141,2141,500,1.0,mincost,10,True
17,92,3000,340.363459338217,775.9558904088618,0.2025035527150479,0.5568552787027183,898,0,2026,0,2026,-4.3279880354823526e-10,0.2993333333333333,0.1134544864460723,0.2586519634696206,0,0,2025,2026,500,1.0,mincost,11,True
14,73,3000,339.1924011052533,681.6880798403721,0.1925877091177947,0.5377229893738309,246,0,2110,0,2110,-2.1346395906239357e-09,0.082,0.1130641337017511,0.2272293599467907,0,0,2106,2110,500,1.0,mincost,12,True
17,137,3000,357.86585467701013,890.2688091758697,0.210512516936733,0.5915785537091025,1190,0,2069,0,2069,-2.4088808424012822e-09,0.3966666666666666,0.11928861822567,0.2967562697252899,0,0,2065,2069,500,1.0,mincost,13,True
22,142,3000,337.5261196535459,766.8472139220313,0.1970721541447807,0.5675870936678323,926,0,2124,0,2124,3.4712394803932606e-11,0.3086666666666666,0.1125087065511819,0.2556157379740104,0,0,2123,2124,500,1.0,mincost,14,True
20,128,3000,354.736651666857,843.5520019001391,0.2041017269478338,0.5858771154400242,1029,0,1980,0,1980,-9.485860287991813e-08,0.343,0.1182455505556189,0.2811840006333796,0,0,1959,1980,500,1.0,eqopt,0,True
21,54,3000,353.23838905104424,794.556869074249,0.2065320706283967,0.55409165464862,853,0,1953,0,1953,-9.610120082247393e-08,0.2843333333333333,0.1177461296836814,0.2648522896914163,0,0,1127,1953,500,1.0,eqopt,1,True
18,55,3000,350.5265157128957,790.5526798082858,0.2083337243908495,0.5595362279953952,810,0,1922,0,1922,-8.003495532347305e-08,0.27,0.1168421719042985,0.2635175599360952,0,0,1273,1922,500,1.0,eqopt,2,True
22,70,3000,352.416852478002,841.8270964285322,0.2063911325811659,0.5793763882335962,978,0,1931,0,1931,-9.45348060979752e-08,0.326,0.117472284159334,0.280609032142844,0,0,1073,1931,500,1.0,eqopt,3,True
24,32,3000,340.34423704380976,727.5594101543259,0.2002103088821251,0.5472430779034337,571,0,1905,0,1905,-3.6928468950465055e-08,0.1903333333333333,0.1134480790146032,0.2425198033847752,0,0,1797,1905,500,1.0,eqopt,4,True
24,39,3000,334.9972856880741,710.221018946663,0.2021082623389235,0.5193003298205378,541,0,1893,0,1893,-1.0197879737744877e-07,0.1803333333333333,0.1116657618960247,0.2367403396488876,0,0,1780,1893,500,1.0,eqopt,5,True
31,77,3000,338.084230354534,747.9911679813404,0.1996880491595042,0.5180133543432586,671,0,1915,0,1915,-5.942737287752357e-08,0.2236666666666666,0.1126947434515113,0.2493303893271134,0,0,1771,1915,500,1.0,eqopt,6,True
19,78,3000,356.56193536817614,821.5596869516347,0.2077912561291884,0.5727533623446956,910,0,1949,0,1949,-1.0384930083014052e-07,0.3033333333333333,0.1188539784560587,0.2738532289838782,0,0,1158,1949,500,1.0,eqopt,7,True
21,96,3000,350.3664143787294,847.9694803192435,0.2068774464910075,0.5625742597698307,934,0,1930,0,1930,-8.032425466643474e-08,0.3113333333333333,0.1167888047929098,0.2826564934397478,0,0,1597,1930,500,1.0,eqopt,8,True
18,64,3000,352.0890908130358,841.9166285915942,0.2090657995204532,0.5587239277968737,971,0,1903,0,1903,-6.237310942620912e-08,0.3236666666666666,0.1173630302710119,0.2806388761971981,0,0,1715,1903,500,1.0,eqopt,9,True
16,63,3000,330.3007669260203,674.7515793472623,0.1945185625661852,0.515679607878593,259,0,1929,0,1929,-4.7126914042433136e-08,0.0863333333333333,0.1101002556420067,0.2249171931157541,0,0,1256,1929,500,1.0,eqopt,10,True
20,92,3000,343.6011748825834,783.2231690813998,0.2030338519756578,0.5504138204154162,807,0,1911,0,1911,-3.2958433741129303e-08,0.269,0.1145337249608611,0.2610743896937999,0,0,1139,1911,500,1.0,eqopt,11,True
17,73,3000,342.5709895468135,687.9340334589465,0.193306623842787,0.5184880093492958,67,0,1940,0,1940,-1.0632325030510694e-07,0.0223333333333333,0.1141903298489378,0.2293113444863155,0,0,1805,1940,500,1.0,eqopt,12,True
20,51,3000,362.3861535298761,894.5221707877803,0.2113200180576679,0.572631230354253,1058,0,1927,0,1927,-1.3118114742105793e-07,0.3526666666666667,0.1207953845099586,0.2981740569292601,0,0,1545,1927,500,1.0,eqopt,13,True
28,138,3000,342.7363433774772,783.8469002085333,0.1970720862040112,0.5614094534893038,763,0,1957,0,1957,-6.167773254295656e-08,0.2543333333333333,0.1142454477924923,0.2612823000695111,0,0,1797,1957,500,1.0,eqopt,14,True
