FND,HND,LND,AUC_Psi,AUC_PsiN,Psi_max,Rh_mean,hole_events,partition_events,n_reconfigs,n_local,n_global,mean_dPsi_per_reconfig,hole_rate,AUC_Psi_per_round,AUC_PsiN_per_round,null_with_alt_local,total_with_alt_local,null_with_alt_global,total_with_alt_global,N,E0,strategy,seed
97,2063,3000,101.87312387132772,5298.398689378833,0.0640345835833023,1.1878316038613153,2375,0,0,0,0,0.0,0.7916666666666666,0.03395770795710924,1.766132896459611,0,0,0,0,60,1.0,static,0
98,1849,3000,102.76955971895654,5883.486102670046,0.06488120374879588,1.2246760040635645,2289,0,0,0,0,0.0,0.763,0.034256519906318846,1.961162034223349,0,0,0,0,60,1.0,static,1
92,2180,3000,100.83128475155766,4018.6735412060257,0.05986586829574013,1.0506290033009933,2287,0,0,0,0,0.0,0.7623333333333333,0.03361042825051922,1.3395578470686753,0,0,0,0,60,1.0,static,2
129,2121,3000,121.82837697230586,4301.106095164626,0.06813279510728627,1.089130579892246,2186,0,0,0,0,0.0,0.7286666666666667,0.04060945899076862,1.4337020317215419,0,0,0,0,60,1.0,static,3
169,2064,3000,114.9972188458913,3916.678467057139,0.06743487871384768,1.051376165058464,2050,0,0,0,0,0.0,0.6833333333333333,0.038332406281963764,1.3055594890190465,0,0,0,0,60,1.0,static,4
121,2045,3000,102.61421069529294,5454.666241950022,0.06951500068399488,1.183460878320124,2349,0,0,0,0,0.0,0.783,0.03420473689843098,1.8182220806500071,0,0,0,0,60,1.0,static,5
170,1836,3000,104.32635615522989,9117.558367861362,0.07343943693360168,1.4869237654918614,2760,0,0,0,0,0.0,0.92,0.034775452051743296,3.039186122620454,0,0,0,0,60,1.0,static,6
103,1886,3000,108.33781695417873,4556.838038234528,0.051599001340471656,1.1394053540081082,1977,0,0,0,0,0.0,0.659,0.03611260565139291,1.5189460127448426,0,0,0,0,60,1.0,static,7
157,1870,3000,105.94706819292094,4685.530780298687,0.05554083213731923,1.1575137853073678,2336,0,0,0,0,0.0,0.7786666666666666,0.035315689397640314,1.5618435934328958,0,0,0,0,60,1.0,static,8
136,1834,3000,114.8850965160172,4889.828784253582,0.06269097599876218,1.179702796261214,2341,0,0,0,0,0.0,0.7803333333333333,0.038295032172005736,1.6299429280845272,0,0,0,0,60,1.0,static,9
107,1941,3000,107.32150398288628,5358.802943621524,0.05242971338393781,1.1990875539287225,2047,0,0,0,0,0.0,0.6823333333333333,0.035773834660962095,1.7862676478738413,0,0,0,0,60,1.0,static,10
95,1857,3000,92.4680127972687,9834.308946751185,0.06586917655931554,1.5168540950196048,2582,0,0,0,0,0.0,0.8606666666666667,0.0308226709324229,3.2781029822503953,0,0,0,0,60,1.0,static,11
92,1807,3000,117.92567727025111,6367.707608568697,0.06641781525333518,1.3178029071416657,2827,0,0,0,0,0.0,0.9423333333333334,0.039308559090083704,2.122569202856232,0,0,0,0,60,1.0,static,12
129,1780,3000,105.49506464996006,5276.118838441786,0.055452267676279206,1.20689620633206,2251,0,0,0,0,0.0,0.7503333333333333,0.035165021549986686,1.7587062794805952,0,0,0,0,60,1.0,static,13
132,1871,3000,121.47354793238937,5234.840991170334,0.07688713243162545,1.1838288518224984,2225,0,0,0,0,0.0,0.7416666666666667,0.04049118264412979,1.744946997056778,0,0,0,0,60,1.0,static,14
85,185,319,24.42541605633052,52.68992595819819,0.12195820197014864,0.6265464230598256,88,7,237,36,201,-9.558057729423875e-08,0.27586206896551724,0.07656870237094207,0.16517218168714165,0,33,78,201,60,1.0,random,0
101,207,738,74.17811252353074,182.83112459522633,0.12621716920906614,0.8183266567760665,551,7,647,35,612,1.1725829594483673e-06,0.7466124661246613,0.10051234759286008,0.2477386512130438,0,33,542,612,60,1.0,random,1
62,207,311,24.509897753549794,63.29474759875971,0.15286979467569736,0.6522776287108776,113,12,234,56,178,-4.0626105780692686e-06,0.3633440514469453,0.0788099606223466,0.20352008874199265,0,52,60,178,60,1.0,random,2
88,252,252,17.671491151359394,43.17451778983208,0.1575812262176163,0.6643906796733758,79,15,171,58,113,-3.919626075169291e-09,0.3134920634920635,0.0701249648863468,0.1713274515469527,0,54,36,113,60,1.0,random,3
85,319,320,20.811430859375573,49.580479949627254,0.13524866821001844,0.6284984626005099,82,12,217,55,162,-1.1992797945994226e-06,0.25625,0.06503572143554867,0.15493899984258516,0,51,44,162,60,1.0,random,4
113,264,265,16.760733211820032,35.967147690596406,0.14518837792936445,0.6328057023136064,67,11,176,55,121,5.248683304054628e-06,0.2528301886792453,0.06324804985592465,0.1357250856248921,0,50,38,121,60,1.0,random,5
111,159,1667,151.00373788302483,287.0669449844902,0.10227173354791463,0.4461274420697132,20,5,1590,32,1558,-1.3915161466128448e-07,0.011990407673860911,0.09052981887471512,0.17210248500269196,0,28,11,50,60,1.0,random,6
67,175,263,23.824194438814004,60.05106363621633,0.16756835697572253,0.6644696722911521,126,9,205,38,167,-3.7481977002250195e-06,0.4790874524714829,0.09058629064187834,0.22833104044188718,0,33,52,167,60,1.0,random,7
141,307,331,16.763451837585976,35.95588731685434,0.11665022792028082,0.607055660368057,38,11,166,50,116,1.0413836838804902e-06,0.1148036253776435,0.05064486959995763,0.10862805835907655,0,47,22,116,60,1.0,random,8
129,284,284,14.592173093945874,31.060721284972804,0.12686386417595583,0.6129528163266862,42,11,161,51,110,-7.226699221973281e-06,0.14788732394366197,0.05138089117586575,0.10936873691891832,0,47,22,110,60,1.0,random,9
71,189,189,10.668739942323052,20.58932348293835,0.13284765567865178,0.6218322915631536,34,8,135,54,81,8.775181400416496e-06,0.17989417989417988,0.056448359483190755,0.1089382194864463,0,51,15,81,60,1.0,random,10
82,246,246,12.95747982190763,26.856565386251,0.13208977932243443,0.6293979342188477,43,13,148,61,87,6.376336090041212e-06,0.17479674796747968,0.05267268220287654,0.10917303002541057,0,58,24,87,60,1.0,random,11
110,232,237,11.936110877765364,23.173578759342586,0.12940190962514533,0.6336064224591388,40,10,126,51,75,8.677290172346222e-06,0.16877637130801687,0.05036333703698466,0.09777881333055943,0,44,24,75,60,1.0,random,12
153,312,451,27.737031344262256,81.86532392518177,0.10799964377381117,0.6906912711755309,154,10,269,44,225,-4.729517038438861e-06,0.34146341463414637,0.061501178146922963,0.1815195652443055,0,38,117,225,60,1.0,random,13
138,269,269,12.649513935430093,26.165108976265465,0.12257697304783335,0.6203480697509818,41,13,146,60,86,-2.504416492337205e-06,0.1524163568773234,0.04702421537334607,0.09726806310879355,0,57,36,86,60,1.0,random,14
87,274,733,85.58869679143291,299.90687561629284,0.15674233556474318,0.7842561475802844,647,14,737,59,678,-4.049710023978456e-07,0.8826739427012278,0.11676493423114995,0.4091498985215455,0,51,662,678,60,1.0,greedy,0
98,310,1186,120.59116267606615,417.67990813602387,0.13371270761488258,0.8071503350251967,1053,14,1142,63,1079,-4.0081662054581165e-07,0.887858347386172,0.10167888927155662,0.352175301969666,0,56,1062,1079,60,1.0,greedy,1
92,415,427,30.92959175131805,104.66767524900827,0.1306002789093087,0.7411516933351315,350,21,436,87,349,-3.397179875453919e-06,0.819672131147541,0.07243464110378935,0.24512336123889525,0,76,331,349,60,1.0,greedy,2
129,466,467,30.96650412330458,110.823552393767,0.12617404546509434,0.7289015280266428,328,15,428,67,361,-2.9711809676851405e-06,0.702355460385439,0.06630943067088775,0.23730953403376231,0,63,343,361,60,1.0,greedy,3
147,304,370,27.989857079671705,83.16902005560284,0.15342859288696128,0.7158884368202532,176,14,295,72,223,1.7458461362309441e-06,0.4756756756756757,0.07564826237749109,0.2247811352854131,0,65,205,223,60,1.0,greedy,4
121,274,1004,111.20562010486343,363.5217204884775,0.14430548164532406,0.8271242608520211,900,9,1010,56,954,-3.139362973631626e-07,0.896414342629482,0.11076256982556118,0.3620734267813521,0,51,944,954,60,1.0,greedy,5
100,288,288,15.527605946520458,32.49556007142716,0.13141136254312397,0.6630054246528144,151,12,250,56,194,-1.4915200704385956e-06,0.5243055555555556,0.05391529842541826,0.11283180580356651,0,52,183,194,60,1.0,greedy,6
103,274,848,78.99998163681511,220.65765505201918,0.11701558227168439,0.8275659274964141,724,9,814,49,765,-3.262866233535919e-07,0.8537735849056604,0.0931603557037914,0.2602094988820981,0,44,750,765,60,1.0,greedy,7
149,376,1343,138.88556352928398,891.2183916885842,0.1344573152428129,0.8956929378491699,1199,18,1339,69,1270,-2.5858299178198005e-07,0.892777364110201,0.10341441811562471,0.6636026743772034,0,58,1256,1270,60,1.0,greedy,8
136,438,583,46.2326834760184,224.02526495973322,0.13738924625230634,0.7880933771643834,442,20,544,77,467,-2.521211414138845e-06,0.758147512864494,0.07930134386967136,0.38426289015391635,0,68,450,467,60,1.0,greedy,9
107,281,996,108.96547272689423,495.86007146994734,0.14059206460527104,0.9094134732973521,841,14,983,67,916,-5.216100564562203e-07,0.8443775100401606,0.10940308506716288,0.4978514773794652,0,62,900,916,60,1.0,greedy,10
95,331,331,16.87935548399348,38.429758852225376,0.13206565726317088,0.6546695165837554,166,15,265,71,194,-2.189026508204991e-06,0.5015105740181269,0.05099503167369631,0.11610199049010687,0,65,183,194,60,1.0,greedy,11
82,348,1807,242.51625653489276,984.9938432504329,0.15197096965051424,0.7824577641900413,1732,15,1786,54,1732,-6.733854233326412e-08,0.9579646017699115,0.1341350976409805,0.544797479673912,0,44,418,427,60,1.0,greedy,12
129,434,518,41.69523025002917,195.67160302282335,0.13368959421589424,0.7740697426902938,406,17,508,69,439,-2.8607157835193686e-06,0.7837837837837838,0.0804927224904038,0.37774440737996784,0,61,421,439,60,1.0,greedy,13
132,258,1612,186.27634407775673,509.0401020973841,0.13623557466170066,0.6211329333162128,197,10,1574,49,1525,1.7232300506525411e-07,0.12213267203967762,0.11548440426395333,0.31558592814468944,0,42,255,265,60,1.0,greedy,14
97,588,3000,346.1654826025242,3136.7391255338744,0.13942797756037453,1.059416144574078,2832,23,2975,94,2881,-3.022653967608365e-07,0.944,0.11538849420084141,1.0455797085112915,0,83,2729,2754,60,1.0,mincost,0
98,533,3000,295.3317595842621,3503.0937134381375,0.11463322909733617,1.096190378494886,2777,27,2961,112,2849,-1.7597491584200514e-07,0.9256666666666666,0.0984439198614207,1.1676979044793792,0,102,1278,1299,60,1.0,mincost,1
92,794,3000,311.55528775513534,4205.37772949565,0.12030363652045432,1.1904894130378667,2839,20,2974,93,2881,-2.1205145766319372e-07,0.9463333333333334,0.10385176258504511,1.40179257649855,0,80,2874,2881,60,1.0,mincost,2
129,712,3000,198.29541232522922,4872.455378549995,0.1093371646885256,1.282409493640707,2779,35,2998,119,2879,-2.1312157993283937e-07,0.9263333333333333,0.06609847077507641,1.6241517928499982,0,110,1215,1246,60,1.0,mincost,3
169,535,3000,270.37989400543705,4112.611052631689,0.12106686713374464,1.1787212762379315,2830,23,3052,118,2934,-2.2589552487058054e-07,0.9433333333333334,0.09012663133514569,1.3708703508772295,0,111,2619,2632,60,1.0,mincost,4
121,482,3000,387.15911365966866,2417.7764234651313,0.1477935737790615,0.931975955232079,2809,20,2962,77,2885,-1.6323299154892744e-07,0.9363333333333334,0.12905303788655623,0.8059254744883771,0,70,2801,2818,60,1.0,mincost,5
170,471,3000,365.0313420001974,2130.3970584320937,0.13723870106405262,0.9071842709939059,2908,19,3021,92,2929,-2.4420364930203313e-07,0.9693333333333334,0.1216771140000658,0.7101323528106979,0,83,1990,2008,60,1.0,mincost,6
103,634,3000,335.84899187317467,3257.813164571824,0.12402333989071582,1.0643828323818594,2828,18,2988,81,2907,-1.7584740763648503e-07,0.9426666666666667,0.11194966395772489,1.0859377215239414,0,66,2898,2907,60,1.0,mincost,7
157,881,3000,168.62780208641547,5371.863992313015,0.10443376576315172,1.3123766066914746,2724,28,2965,120,2845,-1.6393482913769509e-07,0.908,0.05620926736213849,1.790621330771005,0,110,2831,2845,60,1.0,mincost,8
136,522,3000,276.76785152973486,2767.9584763049634,0.11608231371829572,0.9960126660204687,2808,21,2950,83,2867,-1.0547684878428327e-07,0.936,0.09225595050991162,0.9226528254349878,0,74,2848,2867,60,1.0,mincost,9
107,573,3000,246.17671234232034,7111.23602780673,0.12673095005235752,1.5000841745473048,2863,29,2993,126,2867,-1.3592585785218291e-07,0.9543333333333334,0.08205890411410678,2.37041200926891,0,115,1986,2006,60,1.0,mincost,10
95,499,1266,123.47292232531534,910.5991890217527,0.12265855597927587,0.9625256330564315,1077,22,1198,91,1107,-2.0165315853804047e-07,0.8507109004739336,0.09752995444337705,0.7192726611546231,0,80,1100,1107,60,1.0,mincost,11
92,398,3000,341.7890943054754,2112.734424377903,0.12433717506404025,0.8641978065533735,2816,18,2951,70,2881,-4.531305349668078e-07,0.9386666666666666,0.11392969810182513,0.7042448081259677,0,66,2862,2881,60,1.0,mincost,12
129,684,3000,215.8795660950264,4533.395856131968,0.10631911034790749,1.228028409274831,2740,19,2942,87,2855,-2.50669452078786e-07,0.9133333333333333,0.0719598553650088,1.5111319520439892,0,79,2844,2855,60,1.0,mincost,13
132,488,3000,326.99093884224357,1834.383361066139,0.11907368320229729,0.8125383177556035,2833,17,2954,76,2878,-1.037912703422081e-07,0.9443333333333334,0.10899697961408118,0.6114611203553797,0,70,2873,2878,60,1.0,mincost,14
129,391,661,56.993730458558026,244.80341652810688,0.13417192916526705,0.7215123554120408,371,16,513,73,440,-3.496311820390937e-06,0.5612708018154312,0.08622349539872622,0.37035312636627366,0,59,334,440,60,1.0,eqopt,0
147,374,463,27.46858477914037,114.04749578742371,0.09935393238506779,0.6517343099347777,131,16,320,70,250,-1.3004302095018095e-05,0.28293736501079914,0.05932739693118871,0.2463228850700296,0,64,151,250,60,1.0,eqopt,1
127,361,417,27.071690194366273,95.30092087379373,0.12436836236774944,0.6528235681916116,138,14,283,77,206,-1.4502693783767148e-05,0.33093525179856115,0.06492012037018291,0.22853937859422957,0,70,90,206,60,1.0,eqopt,2
166,401,750,61.96825627637638,305.8272990672119,0.12012087645798945,0.8348547340470444,420,16,570,68,502,-8.899060819298969e-06,0.56,0.08262434170183518,0.4077697320896159,0,66,391,502,60,1.0,eqopt,3
170,284,284,10.68423881597812,19.157923894949977,0.10428649776263672,0.6147584763225399,23,8,120,43,77,-1.0336220120133904e-05,0.08098591549295775,0.03762055921119056,0.06745747850334499,0,40,34,77,60,1.0,eqopt,4
146,444,559,47.368224395705134,184.6077775124621,0.1537735863726081,0.7003187097919673,227,19,435,89,346,-7.0074528932900295e-06,0.40608228980322003,0.0847374318348929,0.33024647139975327,0,80,248,346,60,1.0,eqopt,5
169,312,312,14.605728137805249,30.31752778324251,0.11831325801040574,0.6197706395794608,46,8,177,46,131,-1.2469024096081081e-05,0.14743589743589744,0.04681323121091426,0.09717156340782857,0,43,71,131,60,1.0,eqopt,6
123,449,449,28.43892473097579,104.3768628160796,0.10628015588152172,0.6371765756330171,117,19,324,83,241,-1.4517780458252923e-05,0.26057906458797325,0.06333836242979017,0.2324651733097541,0,78,122,241,60,1.0,eqopt,7
204,610,677,44.16621175140422,260.24880095649837,0.10749914175807192,0.7104750573492279,239,20,495,98,397,-7.57755221367765e-06,0.35302806499261447,0.06523812666381716,0.3844147724615929,0,94,216,397,60,1.0,eqopt,8
136,493,534,34.34768451930825,129.6499506169685,0.11091369419728049,0.682976002519424,193,16,359,69,290,-5.988035917855996e-06,0.36142322097378277,0.06432150659046489,0.24279016969469758,0,58,143,290,60,1.0,eqopt,9
107,427,427,28.573724130861937,131.10735883391817,0.11714101955109715,0.6723472452709534,135,21,337,99,238,-1.6273708090717793e-05,0.3161592505854801,0.06691738672333006,0.3070429949272088,0,93,119,238,60,1.0,eqopt,10
110,392,413,23.875808098182045,62.68792015144457,0.11323851945305252,0.5953929322470444,79,11,261,58,203,-9.381559291765724e-06,0.19128329297820823,0.057810673361215606,0.1517867316015607,0,53,128,203,60,1.0,eqopt,11
119,294,294,13.128873338917256,28.01494841241304,0.11676271836724424,0.5876198531990278,22,10,140,48,92,-2.6603846594215795e-05,0.07482993197278912,0.04465603176502468,0.09528894017827565,0,45,24,92,60,1.0,eqopt,12
162,406,406,22.17538849033794,62.82637706221838,0.11762971172434523,0.6187748825444884,79,14,230,50,180,-1.4757068601289952e-05,0.19458128078817735,0.05461918347373877,0.15474477108920784,0,46,126,180,60,1.0,eqopt,13
145,350,350,16.158563566666952,38.92017460995136,0.09801904853465286,0.601473471621096,44,12,185,61,124,-1.998336057771415e-05,0.12571428571428572,0.04616732447619129,0.11120049888557532,0,58,50,124,60,1.0,eqopt,14
